Kernel,Variant,Tuning,Problem size,Checksum,Mean time per rep (sec.),Mean Bandwidth (GiB per sec.),Mean gFlops (gigaFLOP per sec.),__source_file__,Backend,Variant_Tuning
Apps_DIFFUSION3DPA,Base_HIP,block_64,783, PASSED     ,4.02382e-06,25.0135,37.4696,build_lc_toss4-cray-mpich-9.0.1-amdclang-6.4.3-gfx942/RPBenchmark_tier1-SPX/DIFFUSION3DPA_factor_1-kernel-run-data.csv,HIP,Base_HIP-block_64
Apps_DIFFUSION3DPA,RAJA_HIP,block_64,783, PASSED     ,3.76642e-06,26.723,40.0303,build_lc_toss4-cray-mpich-9.0.1-amdclang-6.4.3-gfx942/RPBenchmark_tier1-SPX/DIFFUSION3DPA_factor_1-kernel-run-data.csv,HIP,RAJA_HIP-block_64
Apps_DIFFUSION3DPA,Base_HIP,block_64,789048, PASSED     ,4.38646e-05,2308.18,3463.74,build_lc_toss4-cray-mpich-9.0.1-amdclang-6.4.3-gfx942/RPBenchmark_tier1-SPX/DIFFUSION3DPA_factor_1024-kernel-run-data.csv,HIP,Base_HIP-block_64
Apps_DIFFUSION3DPA,RAJA_HIP,block_64,789048, PASSED     ,4.4184e-05,2291.49,3438.7,build_lc_toss4-cray-mpich-9.0.1-amdclang-6.4.3-gfx942/RPBenchmark_tier1-SPX/DIFFUSION3DPA_factor_1024-kernel-run-data.csv,HIP,RAJA_HIP-block_64
Apps_DIFFUSION3DPA,Base_HIP,block_64,98631, PASSED     ,9.19824e-06,1375.92,2064.74,build_lc_toss4-cray-mpich-9.0.1-amdclang-6.4.3-gfx942/RPBenchmark_tier1-SPX/DIFFUSION3DPA_factor_128-kernel-run-data.csv,HIP,Base_HIP-block_64
Apps_DIFFUSION3DPA,RAJA_HIP,block_64,98631, PASSED     ,9.09784e-06,1391.11,2087.52,build_lc_toss4-cray-mpich-9.0.1-amdclang-6.4.3-gfx942/RPBenchmark_tier1-SPX/DIFFUSION3DPA_factor_128-kernel-run-data.csv,HIP,RAJA_HIP-block_64
Apps_DIFFUSION3DPA,Base_HIP,block_64,1155843, PASSED     ,5.87813e-05,2523.13,3786.31,build_lc_toss4-cray-mpich-9.0.1-amdclang-6.4.3-gfx942/RPBenchmark_tier1-SPX/DIFFUSION3DPA_factor_1500-kernel-run-data.csv,HIP,Base_HIP-block_64
Apps_DIFFUSION3DPA,RAJA_HIP,block_64,1155843, PASSED     ,5.72965e-05,2588.52,3884.43,build_lc_toss4-cray-mpich-9.0.1-amdclang-6.4.3-gfx942/RPBenchmark_tier1-SPX/DIFFUSION3DPA_factor_1500-kernel-run-data.csv,HIP,RAJA_HIP-block_64
Apps_DIFFUSION3DPA,Base_HIP,block_64,12339, PASSED     ,4.17222e-06,379.526,569.467,build_lc_toss4-cray-mpich-9.0.1-amdclang-6.4.3-gfx942/RPBenchmark_tier1-SPX/DIFFUSION3DPA_factor_16-kernel-run-data.csv,HIP,Base_HIP-block_64
Apps_DIFFUSION3DPA,RAJA_HIP,block_64,12339, PASSED     ,3.99882e-06,395.983,594.161,build_lc_toss4-cray-mpich-9.0.1-amdclang-6.4.3-gfx942/RPBenchmark_tier1-SPX/DIFFUSION3DPA_factor_16-kernel-run-data.csv,HIP,RAJA_HIP-block_64
Apps_DIFFUSION3DPA,Base_HIP,block_64,1578096, PASSED     ,8.76104e-05,2311.31,3468.44,build_lc_toss4-cray-mpich-9.0.1-amdclang-6.4.3-gfx942/RPBenchmark_tier1-SPX/DIFFUSION3DPA_factor_2048-kernel-run-data.csv,HIP,Base_HIP-block_64
Apps_DIFFUSION3DPA,RAJA_HIP,block_64,1578096, PASSED     ,8.38364e-05,2415.35,3624.57,build_lc_toss4-cray-mpich-9.0.1-amdclang-6.4.3-gfx942/RPBenchmark_tier1-SPX/DIFFUSION3DPA_factor_2048-kernel-run-data.csv,HIP,RAJA_HIP-block_64
Apps_DIFFUSION3DPA,Base_HIP,block_64,197262, PASSED     ,1.37799e-05,1836.88,2756.48,build_lc_toss4-cray-mpich-9.0.1-amdclang-6.4.3-gfx942/RPBenchmark_tier1-SPX/DIFFUSION3DPA_factor_256-kernel-run-data.csv,HIP,Base_HIP-block_64
Apps_DIFFUSION3DPA,RAJA_HIP,block_64,197262, PASSED     ,1.34497e-05,1881.98,2824.15,build_lc_toss4-cray-mpich-9.0.1-amdclang-6.4.3-gfx942/RPBenchmark_tier1-SPX/DIFFUSION3DPA_factor_256-kernel-run-data.csv,HIP,RAJA_HIP-block_64
Apps_DIFFUSION3DPA,Base_HIP,block_64,2311659, PASSED     ,0.000149185,1988.29,2983.7,build_lc_toss4-cray-mpich-9.0.1-amdclang-6.4.3-gfx942/RPBenchmark_tier1-SPX/DIFFUSION3DPA_factor_3000-kernel-run-data.csv,HIP,Base_HIP-block_64
Apps_DIFFUSION3DPA,RAJA_HIP,block_64,2311659, PASSED     ,0.000144122,2058.13,3088.52,build_lc_toss4-cray-mpich-9.0.1-amdclang-6.4.3-gfx942/RPBenchmark_tier1-SPX/DIFFUSION3DPA_factor_3000-kernel-run-data.csv,HIP,RAJA_HIP-block_64
Apps_DIFFUSION3DPA,Base_HIP,block_64,24678, PASSED     ,4.65482e-06,680.316,1020.85,build_lc_toss4-cray-mpich-9.0.1-amdclang-6.4.3-gfx942/RPBenchmark_tier1-SPX/DIFFUSION3DPA_factor_32-kernel-run-data.csv,HIP,Base_HIP-block_64
Apps_DIFFUSION3DPA,RAJA_HIP,block_64,24678, PASSED     ,4.49002e-06,705.286,1058.32,build_lc_toss4-cray-mpich-9.0.1-amdclang-6.4.3-gfx942/RPBenchmark_tier1-SPX/DIFFUSION3DPA_factor_32-kernel-run-data.csv,HIP,RAJA_HIP-block_64
Apps_DIFFUSION3DPA,Base_HIP,block_64,3105, PASSED     ,4.07522e-06,97.8103,146.712,build_lc_toss4-cray-mpich-9.0.1-amdclang-6.4.3-gfx942/RPBenchmark_tier1-SPX/DIFFUSION3DPA_factor_4-kernel-run-data.csv,HIP,Base_HIP-block_64
Apps_DIFFUSION3DPA,RAJA_HIP,block_64,3105, PASSED     ,3.85542e-06,103.387,155.076,build_lc_toss4-cray-mpich-9.0.1-amdclang-6.4.3-gfx942/RPBenchmark_tier1-SPX/DIFFUSION3DPA_factor_4-kernel-run-data.csv,HIP,RAJA_HIP-block_64
Apps_DIFFUSION3DPA,Base_HIP,block_64,3082212, PASSED     ,0.000205039,1928.88,2894.55,build_lc_toss4-cray-mpich-9.0.1-amdclang-6.4.3-gfx942/RPBenchmark_tier1-SPX/DIFFUSION3DPA_factor_4000-kernel-run-data.csv,HIP,Base_HIP-block_64
Apps_DIFFUSION3DPA,RAJA_HIP,block_64,3082212, PASSED     ,0.000198415,1993.28,2991.19,build_lc_toss4-cray-mpich-9.0.1-amdclang-6.4.3-gfx942/RPBenchmark_tier1-SPX/DIFFUSION3DPA_factor_4000-kernel-run-data.csv,HIP,RAJA_HIP-block_64
Apps_DIFFUSION3DPA,Base_HIP,block_64,394524, PASSED     ,2.28005e-05,2220.29,3331.85,build_lc_toss4-cray-mpich-9.0.1-amdclang-6.4.3-gfx942/RPBenchmark_tier1-SPX/DIFFUSION3DPA_factor_512-kernel-run-data.csv,HIP,Base_HIP-block_64
Apps_DIFFUSION3DPA,RAJA_HIP,block_64,394524, PASSED     ,2.20943e-05,2291.26,3438.34,build_lc_toss4-cray-mpich-9.0.1-amdclang-6.4.3-gfx942/RPBenchmark_tier1-SPX/DIFFUSION3DPA_factor_512-kernel-run-data.csv,HIP,RAJA_HIP-block_64
Apps_DIFFUSION3DPA,Base_HIP,block_64,49329, PASSED     ,6.26522e-06,1010.32,1516.08,build_lc_toss4-cray-mpich-9.0.1-amdclang-6.4.3-gfx942/RPBenchmark_tier1-SPX/DIFFUSION3DPA_factor_64-kernel-run-data.csv,HIP,Base_HIP-block_64
Apps_DIFFUSION3DPA,RAJA_HIP,block_64,49329, PASSED     ,6.11464e-06,1035.2,1553.41,build_lc_toss4-cray-mpich-9.0.1-amdclang-6.4.3-gfx942/RPBenchmark_tier1-SPX/DIFFUSION3DPA_factor_64-kernel-run-data.csv,HIP,RAJA_HIP-block_64
Apps_EDGE3D,Base_HIP,block_256,1331, PASSED     ,2.50391e-05,3.65847,1342.45,build_lc_toss4-cray-mpich-9.0.1-amdclang-6.4.3-gfx942/RPBenchmark_tier1-SPX/EDGE3D_factor_1-kernel-run-data.csv,HIP,Base_HIP-block_256
Apps_EDGE3D,RAJA_HIP,block_256,1331, PASSED     ,2.41201e-05,3.79787,1393.6,build_lc_toss4-cray-mpich-9.0.1-amdclang-6.4.3-gfx942/RPBenchmark_tier1-SPX/EDGE3D_factor_1-kernel-run-data.csv,HIP,RAJA_HIP-block_256
Apps_EDGE3D,Base_HIP,block_256,2985984, PASSED     ,0.00151356,63.2889,24547.4,build_lc_toss4-cray-mpich-9.0.1-amdclang-6.4.3-gfx942/RPBenchmark_tier1-SPX/EDGE3D_factor_1024-kernel-run-data.csv,HIP,Base_HIP-block_256
Apps_EDGE3D,RAJA_HIP,block_256,2985984, PASSED     ,0.0015,63.861,24769.3,build_lc_toss4-cray-mpich-9.0.1-amdclang-6.4.3-gfx942/RPBenchmark_tier1-SPX/EDGE3D_factor_1024-kernel-run-data.csv,HIP,RAJA_HIP-block_256
Apps_EDGE3D,Base_HIP,block_256,343000, PASSED     ,0.00018042,65.79,25381.4,build_lc_toss4-cray-mpich-9.0.1-amdclang-6.4.3-gfx942/RPBenchmark_tier1-SPX/EDGE3D_factor_128-kernel-run-data.csv,HIP,Base_HIP-block_256
Apps_EDGE3D,RAJA_HIP,block_256,343000, PASSED     ,0.000180648,65.707,25349.3,build_lc_toss4-cray-mpich-9.0.1-amdclang-6.4.3-gfx942/RPBenchmark_tier1-SPX/EDGE3D_factor_128-kernel-run-data.csv,HIP,RAJA_HIP-block_256
Apps_EDGE3D,Base_HIP,block_256,4410944, PASSED     ,0.00218158,64.2902,24951.3,build_lc_toss4-cray-mpich-9.0.1-amdclang-6.4.3-gfx942/RPBenchmark_tier1-SPX/EDGE3D_factor_1500-kernel-run-data.csv,HIP,Base_HIP-block_256
Apps_EDGE3D,RAJA_HIP,block_256,4410944, PASSED     ,0.00215348,65.1289,25276.8,build_lc_toss4-cray-mpich-9.0.1-amdclang-6.4.3-gfx942/RPBenchmark_tier1-SPX/EDGE3D_factor_1500-kernel-run-data.csv,HIP,RAJA_HIP-block_256
Apps_EDGE3D,Base_HIP,block_256,35937, PASSED     ,2.72351e-05,53.5031,20409.0,build_lc_toss4-cray-mpich-9.0.1-amdclang-6.4.3-gfx942/RPBenchmark_tier1-SPX/EDGE3D_factor_16-kernel-run-data.csv,HIP,Base_HIP-block_256
Apps_EDGE3D,RAJA_HIP,block_256,35937, PASSED     ,2.64141e-05,55.1661,21043.4,build_lc_toss4-cray-mpich-9.0.1-amdclang-6.4.3-gfx942/RPBenchmark_tier1-SPX/EDGE3D_factor_16-kernel-run-data.csv,HIP,RAJA_HIP-block_256
Apps_EDGE3D,Base_HIP,block_256,6028568, PASSED     ,0.00294125,64.7609,25145.2,build_lc_toss4-cray-mpich-9.0.1-amdclang-6.4.3-gfx942/RPBenchmark_tier1-SPX/EDGE3D_factor_2048-kernel-run-data.csv,HIP,Base_HIP-block_256
Apps_EDGE3D,RAJA_HIP,block_256,6028568, PASSED     ,0.00291169,65.4183,25400.5,build_lc_toss4-cray-mpich-9.0.1-amdclang-6.4.3-gfx942/RPBenchmark_tier1-SPX/EDGE3D_factor_2048-kernel-run-data.csv,HIP,RAJA_HIP-block_256
Apps_EDGE3D,Base_HIP,block_256,704969, PASSED     ,0.000379395,62.3256,24098.0,build_lc_toss4-cray-mpich-9.0.1-amdclang-6.4.3-gfx942/RPBenchmark_tier1-SPX/EDGE3D_factor_256-kernel-run-data.csv,HIP,Base_HIP-block_256
Apps_EDGE3D,RAJA_HIP,block_256,704969, PASSED     ,0.000372261,63.52,24559.8,build_lc_toss4-cray-mpich-9.0.1-amdclang-6.4.3-gfx942/RPBenchmark_tier1-SPX/EDGE3D_factor_256-kernel-run-data.csv,HIP,RAJA_HIP-block_256
Apps_EDGE3D,Base_HIP,block_256,8869743, PASSED     ,0.00426099,65.3121,25371.7,build_lc_toss4-cray-mpich-9.0.1-amdclang-6.4.3-gfx942/RPBenchmark_tier1-SPX/EDGE3D_factor_3000-kernel-run-data.csv,HIP,Base_HIP-block_256
Apps_EDGE3D,RAJA_HIP,block_256,8869743, PASSED     ,0.00421949,65.9545,25621.2,build_lc_toss4-cray-mpich-9.0.1-amdclang-6.4.3-gfx942/RPBenchmark_tier1-SPX/EDGE3D_factor_3000-kernel-run-data.csv,HIP,RAJA_HIP-block_256
Apps_EDGE3D,Base_HIP,block_256,79507, PASSED     ,5.01872e-05,59.9772,22991.3,build_lc_toss4-cray-mpich-9.0.1-amdclang-6.4.3-gfx942/RPBenchmark_tier1-SPX/EDGE3D_factor_32-kernel-run-data.csv,HIP,Base_HIP-block_256
Apps_EDGE3D,RAJA_HIP,block_256,79507, PASSED     ,5.15572e-05,58.3834,22380.4,build_lc_toss4-cray-mpich-9.0.1-amdclang-6.4.3-gfx942/RPBenchmark_tier1-SPX/EDGE3D_factor_32-kernel-run-data.csv,HIP,RAJA_HIP-block_256
Apps_EDGE3D,Base_HIP,block_256,8000, PASSED     ,2.50212e-05,15.5707,5861.23,build_lc_toss4-cray-mpich-9.0.1-amdclang-6.4.3-gfx942/RPBenchmark_tier1-SPX/EDGE3D_factor_4-kernel-run-data.csv,HIP,Base_HIP-block_256
Apps_EDGE3D,RAJA_HIP,block_256,8000, PASSED     ,2.43781e-05,15.9815,6015.85,build_lc_toss4-cray-mpich-9.0.1-amdclang-6.4.3-gfx942/RPBenchmark_tier1-SPX/EDGE3D_factor_4-kernel-run-data.csv,HIP,RAJA_HIP-block_256
Apps_EDGE3D,Base_HIP,block_256,12008989, PASSED     ,0.00575824,65.1151,25303.8,build_lc_toss4-cray-mpich-9.0.1-amdclang-6.4.3-gfx942/RPBenchmark_tier1-SPX/EDGE3D_factor_4000-kernel-run-data.csv,HIP,Base_HIP-block_256
Apps_EDGE3D,RAJA_HIP,block_256,12008989, PASSED     ,0.00570417,65.7324,25543.7,build_lc_toss4-cray-mpich-9.0.1-amdclang-6.4.3-gfx942/RPBenchmark_tier1-SPX/EDGE3D_factor_4000-kernel-run-data.csv,HIP,RAJA_HIP-block_256
Apps_EDGE3D,Base_HIP,block_256,1442897, PASSED     ,0.000744303,63.4384,24571.0,build_lc_toss4-cray-mpich-9.0.1-amdclang-6.4.3-gfx942/RPBenchmark_tier1-SPX/EDGE3D_factor_512-kernel-run-data.csv,HIP,Base_HIP-block_256
Apps_EDGE3D,RAJA_HIP,block_256,1442897, PASSED     ,0.000736295,64.1284,24838.3,build_lc_toss4-cray-mpich-9.0.1-amdclang-6.4.3-gfx942/RPBenchmark_tier1-SPX/EDGE3D_factor_512-kernel-run-data.csv,HIP,RAJA_HIP-block_256
Apps_EDGE3D,Base_HIP,block_256,166375, PASSED     ,0.000104791,57.1503,21986.7,build_lc_toss4-cray-mpich-9.0.1-amdclang-6.4.3-gfx942/RPBenchmark_tier1-SPX/EDGE3D_factor_64-kernel-run-data.csv,HIP,Base_HIP-block_256
Apps_EDGE3D,RAJA_HIP,block_256,166375, PASSED     ,0.000104353,57.3907,22079.1,build_lc_toss4-cray-mpich-9.0.1-amdclang-6.4.3-gfx942/RPBenchmark_tier1-SPX/EDGE3D_factor_64-kernel-run-data.csv,HIP,RAJA_HIP-block_256
Apps_ENERGY,Base_HIP,block_256,834, PASSED     ,1.47897e-05,11.3439,3.10149,build_lc_toss4-cray-mpich-9.0.1-amdclang-6.4.3-gfx942/RPBenchmark_tier1-SPX/ENERGY_factor_1-kernel-run-data.csv,HIP,Base_HIP-block_256
Apps_ENERGY,RAJA_HIP,block_256,834, PASSED     ,1.20688e-05,13.9013,3.8007,build_lc_toss4-cray-mpich-9.0.1-amdclang-6.4.3-gfx942/RPBenchmark_tier1-SPX/ENERGY_factor_1-kernel-run-data.csv,HIP,RAJA_HIP-block_256
Apps_ENERGY,Base_HIP,block_256,853334, PASSED     ,6.03949e-05,2842.32,777.108,build_lc_toss4-cray-mpich-9.0.1-amdclang-6.4.3-gfx942/RPBenchmark_tier1-SPX/ENERGY_factor_1024-kernel-run-data.csv,HIP,Base_HIP-block_256
Apps_ENERGY,RAJA_HIP,block_256,853334, PASSED     ,5.98514e-05,2868.13,784.165,build_lc_toss4-cray-mpich-9.0.1-amdclang-6.4.3-gfx942/RPBenchmark_tier1-SPX/ENERGY_factor_1024-kernel-run-data.csv,HIP,RAJA_HIP-block_256
Apps_ENERGY,Base_HIP,block_256,106667, PASSED     ,1.40887e-05,1523.05,416.411,build_lc_toss4-cray-mpich-9.0.1-amdclang-6.4.3-gfx942/RPBenchmark_tier1-SPX/ENERGY_factor_128-kernel-run-data.csv,HIP,Base_HIP-block_256
Apps_ENERGY,RAJA_HIP,block_256,106667, PASSED     ,1.4142e-05,1517.31,414.842,build_lc_toss4-cray-mpich-9.0.1-amdclang-6.4.3-gfx942/RPBenchmark_tier1-SPX/ENERGY_factor_128-kernel-run-data.csv,HIP,RAJA_HIP-block_256
Apps_ENERGY,Base_HIP,block_256,1250000, PASSED     ,8.22544e-05,3057.06,835.821,build_lc_toss4-cray-mpich-9.0.1-amdclang-6.4.3-gfx942/RPBenchmark_tier1-SPX/ENERGY_factor_1500-kernel-run-data.csv,HIP,Base_HIP-block_256
Apps_ENERGY,RAJA_HIP,block_256,1250000, PASSED     ,8.26103e-05,3043.9,832.221,build_lc_toss4-cray-mpich-9.0.1-amdclang-6.4.3-gfx942/RPBenchmark_tier1-SPX/ENERGY_factor_1500-kernel-run-data.csv,HIP,RAJA_HIP-block_256
Apps_ENERGY,Base_HIP,block_256,13334, PASSED     ,1.37446e-05,195.156,53.357,build_lc_toss4-cray-mpich-9.0.1-amdclang-6.4.3-gfx942/RPBenchmark_tier1-SPX/ENERGY_factor_16-kernel-run-data.csv,HIP,Base_HIP-block_256
Apps_ENERGY,RAJA_HIP,block_256,13334, PASSED     ,1.21081e-05,221.532,60.5684,build_lc_toss4-cray-mpich-9.0.1-amdclang-6.4.3-gfx942/RPBenchmark_tier1-SPX/ENERGY_factor_16-kernel-run-data.csv,HIP,RAJA_HIP-block_256
Apps_ENERGY,Base_HIP,block_256,1706667, PASSED     ,0.000107523,3193.01,872.99,build_lc_toss4-cray-mpich-9.0.1-amdclang-6.4.3-gfx942/RPBenchmark_tier1-SPX/ENERGY_factor_2048-kernel-run-data.csv,HIP,Base_HIP-block_256
Apps_ENERGY,RAJA_HIP,block_256,1706667, PASSED     ,0.000107387,3197.07,874.1,build_lc_toss4-cray-mpich-9.0.1-amdclang-6.4.3-gfx942/RPBenchmark_tier1-SPX/ENERGY_factor_2048-kernel-run-data.csv,HIP,RAJA_HIP-block_256
Apps_ENERGY,Base_HIP,block_256,213334, PASSED     ,1.94857e-05,2202.41,602.153,build_lc_toss4-cray-mpich-9.0.1-amdclang-6.4.3-gfx942/RPBenchmark_tier1-SPX/ENERGY_factor_256-kernel-run-data.csv,HIP,Base_HIP-block_256
Apps_ENERGY,RAJA_HIP,block_256,213334, PASSED     ,1.92046e-05,2234.64,610.966,build_lc_toss4-cray-mpich-9.0.1-amdclang-6.4.3-gfx942/RPBenchmark_tier1-SPX/ENERGY_factor_256-kernel-run-data.csv,HIP,RAJA_HIP-block_256
Apps_ENERGY,Base_HIP,block_256,2500000, PASSED     ,0.000150906,3332.64,911.166,build_lc_toss4-cray-mpich-9.0.1-amdclang-6.4.3-gfx942/RPBenchmark_tier1-SPX/ENERGY_factor_3000-kernel-run-data.csv,HIP,Base_HIP-block_256
Apps_ENERGY,RAJA_HIP,block_256,2500000, PASSED     ,0.000151139,3327.49,909.758,build_lc_toss4-cray-mpich-9.0.1-amdclang-6.4.3-gfx942/RPBenchmark_tier1-SPX/ENERGY_factor_3000-kernel-run-data.csv,HIP,RAJA_HIP-block_256
Apps_ENERGY,Base_HIP,block_256,26667, PASSED     ,1.41297e-05,379.661,103.802,build_lc_toss4-cray-mpich-9.0.1-amdclang-6.4.3-gfx942/RPBenchmark_tier1-SPX/ENERGY_factor_32-kernel-run-data.csv,HIP,Base_HIP-block_256
Apps_ENERGY,RAJA_HIP,block_256,26667, PASSED     ,1.21842e-05,440.282,120.376,build_lc_toss4-cray-mpich-9.0.1-amdclang-6.4.3-gfx942/RPBenchmark_tier1-SPX/ENERGY_factor_32-kernel-run-data.csv,HIP,RAJA_HIP-block_256
Apps_ENERGY,Base_HIP,block_256,3334, PASSED     ,1.43873e-05,46.6166,12.7453,build_lc_toss4-cray-mpich-9.0.1-amdclang-6.4.3-gfx942/RPBenchmark_tier1-SPX/ENERGY_factor_4-kernel-run-data.csv,HIP,Base_HIP-block_256
Apps_ENERGY,RAJA_HIP,block_256,3334, PASSED     ,1.19484e-05,56.1321,15.3469,build_lc_toss4-cray-mpich-9.0.1-amdclang-6.4.3-gfx942/RPBenchmark_tier1-SPX/ENERGY_factor_4-kernel-run-data.csv,HIP,RAJA_HIP-block_256
Apps_ENERGY,Base_HIP,block_256,3333334, PASSED     ,0.00019667,3409.53,932.187,build_lc_toss4-cray-mpich-9.0.1-amdclang-6.4.3-gfx942/RPBenchmark_tier1-SPX/ENERGY_factor_4000-kernel-run-data.csv,HIP,Base_HIP-block_256
Apps_ENERGY,RAJA_HIP,block_256,3333334, PASSED     ,0.000196457,3413.23,933.199,build_lc_toss4-cray-mpich-9.0.1-amdclang-6.4.3-gfx942/RPBenchmark_tier1-SPX/ENERGY_factor_4000-kernel-run-data.csv,HIP,RAJA_HIP-block_256
Apps_ENERGY,Base_HIP,block_256,426667, PASSED     ,3.28244e-05,2614.85,714.917,build_lc_toss4-cray-mpich-9.0.1-amdclang-6.4.3-gfx942/RPBenchmark_tier1-SPX/ENERGY_factor_512-kernel-run-data.csv,HIP,Base_HIP-block_256
Apps_ENERGY,RAJA_HIP,block_256,426667, PASSED     ,3.3297e-05,2577.73,704.769,build_lc_toss4-cray-mpich-9.0.1-amdclang-6.4.3-gfx942/RPBenchmark_tier1-SPX/ENERGY_factor_512-kernel-run-data.csv,HIP,RAJA_HIP-block_256
Apps_ENERGY,Base_HIP,block_256,53334, PASSED     ,1.37561e-05,779.941,213.241,build_lc_toss4-cray-mpich-9.0.1-amdclang-6.4.3-gfx942/RPBenchmark_tier1-SPX/ENERGY_factor_64-kernel-run-data.csv,HIP,Base_HIP-block_256
Apps_ENERGY,RAJA_HIP,block_256,53334, PASSED     ,1.24966e-05,858.552,234.734,build_lc_toss4-cray-mpich-9.0.1-amdclang-6.4.3-gfx942/RPBenchmark_tier1-SPX/ENERGY_factor_64-kernel-run-data.csv,HIP,RAJA_HIP-block_256
Apps_FEMSWEEP,Base_HIP,block_64,73728, PASSED     ,9.526e-05,13.2617,78.3641,build_lc_toss4-cray-mpich-9.0.1-amdclang-6.4.3-gfx942/RPBenchmark_tier1-SPX/FEMSWEEP_factor_1-kernel-run-data.csv,HIP,Base_HIP-block_64
Apps_FEMSWEEP,RAJA_HIP,block_64,73728, PASSED     ,8.515e-05,14.8363,87.6683,build_lc_toss4-cray-mpich-9.0.1-amdclang-6.4.3-gfx942/RPBenchmark_tier1-SPX/FEMSWEEP_factor_1-kernel-run-data.csv,HIP,RAJA_HIP-block_64
Apps_FEMSWEEP,Base_HIP,block_64,53747712, PASSED     ,0.0606844,19.049,97.3524,build_lc_toss4-cray-mpich-9.0.1-amdclang-6.4.3-gfx942/RPBenchmark_tier1-SPX/FEMSWEEP_factor_1024-kernel-run-data.csv,HIP,Base_HIP-block_64
Apps_FEMSWEEP,RAJA_HIP,block_64,53747712, PASSED     ,0.0573633,20.1519,102.989,build_lc_toss4-cray-mpich-9.0.1-amdclang-6.4.3-gfx942/RPBenchmark_tier1-SPX/FEMSWEEP_factor_1024-kernel-run-data.csv,HIP,RAJA_HIP-block_64
Apps_FEMSWEEP,Base_HIP,block_64,9216000, PASSED     ,0.0101318,19.1629,99.1931,build_lc_toss4-cray-mpich-9.0.1-amdclang-6.4.3-gfx942/RPBenchmark_tier1-SPX/FEMSWEEP_factor_128-kernel-run-data.csv,HIP,Base_HIP-block_64
Apps_FEMSWEEP,RAJA_HIP,block_64,9216000, PASSED     ,0.00954454,20.3419,105.296,build_lc_toss4-cray-mpich-9.0.1-amdclang-6.4.3-gfx942/RPBenchmark_tier1-SPX/FEMSWEEP_factor_128-kernel-run-data.csv,HIP,RAJA_HIP-block_64
Apps_FEMSWEEP,Base_HIP,block_64,73728000, PASSED     ,0.085884,18.5106,94.4521,build_lc_toss4-cray-mpich-9.0.1-amdclang-6.4.3-gfx942/RPBenchmark_tier1-SPX/FEMSWEEP_factor_1500-kernel-run-data.csv,HIP,Base_HIP-block_64
Apps_FEMSWEEP,RAJA_HIP,block_64,73728000, PASSED     ,0.0814708,19.5133,99.5685,build_lc_toss4-cray-mpich-9.0.1-amdclang-6.4.3-gfx942/RPBenchmark_tier1-SPX/FEMSWEEP_factor_1500-kernel-run-data.csv,HIP,RAJA_HIP-block_64
Apps_FEMSWEEP,Base_HIP,block_64,1990656, PASSED     ,0.00204659,19.8501,104.805,build_lc_toss4-cray-mpich-9.0.1-amdclang-6.4.3-gfx942/RPBenchmark_tier1-SPX/FEMSWEEP_factor_16-kernel-run-data.csv,HIP,Base_HIP-block_64
Apps_FEMSWEEP,RAJA_HIP,block_64,1990656, PASSED     ,0.00193254,21.0216,110.99,build_lc_toss4-cray-mpich-9.0.1-amdclang-6.4.3-gfx942/RPBenchmark_tier1-SPX/FEMSWEEP_factor_16-kernel-run-data.csv,HIP,RAJA_HIP-block_64
Apps_FEMSWEEP,Base_HIP,block_64,98131968, PASSED     ,0.122443,17.3174,88.2503,build_lc_toss4-cray-mpich-9.0.1-amdclang-6.4.3-gfx942/RPBenchmark_tier1-SPX/FEMSWEEP_factor_2048-kernel-run-data.csv,HIP,Base_HIP-block_64
Apps_FEMSWEEP,RAJA_HIP,block_64,98131968, PASSED     ,0.120565,17.5872,89.625,build_lc_toss4-cray-mpich-9.0.1-amdclang-6.4.3-gfx942/RPBenchmark_tier1-SPX/FEMSWEEP_factor_2048-kernel-run-data.csv,HIP,RAJA_HIP-block_64
Apps_FEMSWEEP,Base_HIP,block_64,15925248, PASSED     ,0.0176802,19.1247,98.5184,build_lc_toss4-cray-mpich-9.0.1-amdclang-6.4.3-gfx942/RPBenchmark_tier1-SPX/FEMSWEEP_factor_256-kernel-run-data.csv,HIP,Base_HIP-block_64
Apps_FEMSWEEP,RAJA_HIP,block_64,15925248, PASSED     ,0.0167757,20.1558,103.83,build_lc_toss4-cray-mpich-9.0.1-amdclang-6.4.3-gfx942/RPBenchmark_tier1-SPX/FEMSWEEP_factor_256-kernel-run-data.csv,HIP,RAJA_HIP-block_64
Apps_FEMSWEEP,Base_HIP,block_64,161980416, PASSED     ,0.480764,7.30349,37.1457,build_lc_toss4-cray-mpich-9.0.1-amdclang-6.4.3-gfx942/RPBenchmark_tier1-SPX/FEMSWEEP_factor_3000-kernel-run-data.csv,HIP,Base_HIP-block_64
Apps_FEMSWEEP,RAJA_HIP,block_64,161980416, PASSED     ,0.463462,7.57616,38.5325,build_lc_toss4-cray-mpich-9.0.1-amdclang-6.4.3-gfx942/RPBenchmark_tier1-SPX/FEMSWEEP_factor_3000-kernel-run-data.csv,HIP,RAJA_HIP-block_64
Apps_FEMSWEEP,Base_HIP,block_64,1990656, PASSED     ,0.00206102,19.7111,104.071,build_lc_toss4-cray-mpich-9.0.1-amdclang-6.4.3-gfx942/RPBenchmark_tier1-SPX/FEMSWEEP_factor_32-kernel-run-data.csv,HIP,Base_HIP-block_64
Apps_FEMSWEEP,RAJA_HIP,block_64,1990656, PASSED     ,0.00194445,20.8928,110.311,build_lc_toss4-cray-mpich-9.0.1-amdclang-6.4.3-gfx942/RPBenchmark_tier1-SPX/FEMSWEEP_factor_32-kernel-run-data.csv,HIP,RAJA_HIP-block_64
Apps_FEMSWEEP,Base_HIP,block_64,589824, PASSED     ,0.000604732,19.1031,103.509,build_lc_toss4-cray-mpich-9.0.1-amdclang-6.4.3-gfx942/RPBenchmark_tier1-SPX/FEMSWEEP_factor_4-kernel-run-data.csv,HIP,Base_HIP-block_64
Apps_FEMSWEEP,RAJA_HIP,block_64,589824, PASSED     ,0.000571063,20.2294,109.611,build_lc_toss4-cray-mpich-9.0.1-amdclang-6.4.3-gfx942/RPBenchmark_tier1-SPX/FEMSWEEP_factor_4-kernel-run-data.csv,HIP,RAJA_HIP-block_64
Apps_FEMSWEEP,Base_HIP,block_64,202309632, PASSED     ,0.521353,8.42231,42.803,build_lc_toss4-cray-mpich-9.0.1-amdclang-6.4.3-gfx942/RPBenchmark_tier1-SPX/FEMSWEEP_factor_4000-kernel-run-data.csv,HIP,Base_HIP-block_64
Apps_FEMSWEEP,RAJA_HIP,block_64,202309632, PASSED     ,0.502129,8.74475,44.4417,build_lc_toss4-cray-mpich-9.0.1-amdclang-6.4.3-gfx942/RPBenchmark_tier1-SPX/FEMSWEEP_factor_4000-kernel-run-data.csv,HIP,RAJA_HIP-block_64
Apps_FEMSWEEP,Base_HIP,block_64,25288704, PASSED     ,0.0279564,19.3129,99.1482,build_lc_toss4-cray-mpich-9.0.1-amdclang-6.4.3-gfx942/RPBenchmark_tier1-SPX/FEMSWEEP_factor_512-kernel-run-data.csv,HIP,Base_HIP-block_64
Apps_FEMSWEEP,RAJA_HIP,block_64,25288704, PASSED     ,0.0266605,20.2516,103.967,build_lc_toss4-cray-mpich-9.0.1-amdclang-6.4.3-gfx942/RPBenchmark_tier1-SPX/FEMSWEEP_factor_512-kernel-run-data.csv,HIP,RAJA_HIP-block_64
Apps_FEMSWEEP,Base_HIP,block_64,4718592, PASSED     ,0.00500513,19.6278,102.347,build_lc_toss4-cray-mpich-9.0.1-amdclang-6.4.3-gfx942/RPBenchmark_tier1-SPX/FEMSWEEP_factor_64-kernel-run-data.csv,HIP,Base_HIP-block_64
Apps_FEMSWEEP,RAJA_HIP,block_64,4718592, PASSED     ,0.00493331,19.9135,103.837,build_lc_toss4-cray-mpich-9.0.1-amdclang-6.4.3-gfx942/RPBenchmark_tier1-SPX/FEMSWEEP_factor_64-kernel-run-data.csv,HIP,RAJA_HIP-block_64
Apps_INTSC_HEXRECT,Base_HIP,block_64,2744, PASSED     ,0.000250832,0.493909,39.3825,build_lc_toss4-cray-mpich-9.0.1-amdclang-6.4.3-gfx942/RPBenchmark_tier1-SPX/INTSC_HEXRECT_factor_1-kernel-run-data.csv,HIP,Base_HIP-block_64
Apps_INTSC_HEXRECT,RAJA_HIP,block_64,2744, PASSED     ,0.000248201,0.499145,39.8,build_lc_toss4-cray-mpich-9.0.1-amdclang-6.4.3-gfx942/RPBenchmark_tier1-SPX/INTSC_HEXRECT_factor_1-kernel-run-data.csv,HIP,RAJA_HIP-block_64
Apps_INTSC_HEXRECT,Base_HIP,block_64,2197000, PASSED     ,0.00873163,11.0466,905.81,build_lc_toss4-cray-mpich-9.0.1-amdclang-6.4.3-gfx942/RPBenchmark_tier1-SPX/INTSC_HEXRECT_factor_1024-kernel-run-data.csv,HIP,Base_HIP-block_64
Apps_INTSC_HEXRECT,RAJA_HIP,block_64,2197000, PASSED     ,0.00873614,11.0409,905.342,build_lc_toss4-cray-mpich-9.0.1-amdclang-6.4.3-gfx942/RPBenchmark_tier1-SPX/INTSC_HEXRECT_factor_1024-kernel-run-data.csv,HIP,RAJA_HIP-block_64
Apps_INTSC_HEXRECT,Base_HIP,block_64,287496, PASSED     ,0.00121413,10.4269,852.453,build_lc_toss4-cray-mpich-9.0.1-amdclang-6.4.3-gfx942/RPBenchmark_tier1-SPX/INTSC_HEXRECT_factor_128-kernel-run-data.csv,HIP,Base_HIP-block_64
Apps_INTSC_HEXRECT,RAJA_HIP,block_64,287496, PASSED     ,0.00121341,10.4331,852.959,build_lc_toss4-cray-mpich-9.0.1-amdclang-6.4.3-gfx942/RPBenchmark_tier1-SPX/INTSC_HEXRECT_factor_128-kernel-run-data.csv,HIP,RAJA_HIP-block_64
Apps_INTSC_HEXRECT,Base_HIP,block_64,3241792, PASSED     ,0.0129424,10.9928,901.726,build_lc_toss4-cray-mpich-9.0.1-amdclang-6.4.3-gfx942/RPBenchmark_tier1-SPX/INTSC_HEXRECT_factor_1500-kernel-run-data.csv,HIP,Base_HIP-block_64
Apps_INTSC_HEXRECT,RAJA_HIP,block_64,3241792, PASSED     ,0.0126542,11.2431,922.258,build_lc_toss4-cray-mpich-9.0.1-amdclang-6.4.3-gfx942/RPBenchmark_tier1-SPX/INTSC_HEXRECT_factor_1500-kernel-run-data.csv,HIP,RAJA_HIP-block_64
Apps_INTSC_HEXRECT,Base_HIP,block_64,39304, PASSED     ,0.000277762,6.26782,509.409,build_lc_toss4-cray-mpich-9.0.1-amdclang-6.4.3-gfx942/RPBenchmark_tier1-SPX/INTSC_HEXRECT_factor_16-kernel-run-data.csv,HIP,Base_HIP-block_64
Apps_INTSC_HEXRECT,RAJA_HIP,block_64,39304, PASSED     ,0.000274021,6.35339,516.363,build_lc_toss4-cray-mpich-9.0.1-amdclang-6.4.3-gfx942/RPBenchmark_tier1-SPX/INTSC_HEXRECT_factor_16-kernel-run-data.csv,HIP,RAJA_HIP-block_64
Apps_INTSC_HEXRECT,Base_HIP,block_64,4410944, PASSED     ,0.0170478,11.3524,931.464,build_lc_toss4-cray-mpich-9.0.1-amdclang-6.4.3-gfx942/RPBenchmark_tier1-SPX/INTSC_HEXRECT_factor_2048-kernel-run-data.csv,HIP,Base_HIP-block_64
Apps_INTSC_HEXRECT,RAJA_HIP,block_64,4410944, PASSED     ,0.0170478,11.3523,931.461,build_lc_toss4-cray-mpich-9.0.1-amdclang-6.4.3-gfx942/RPBenchmark_tier1-SPX/INTSC_HEXRECT_factor_2048-kernel-run-data.csv,HIP,RAJA_HIP-block_64
Apps_INTSC_HEXRECT,Base_HIP,block_64,551368, PASSED     ,0.00229535,10.5649,864.759,build_lc_toss4-cray-mpich-9.0.1-amdclang-6.4.3-gfx942/RPBenchmark_tier1-SPX/INTSC_HEXRECT_factor_256-kernel-run-data.csv,HIP,Base_HIP-block_64
Apps_INTSC_HEXRECT,RAJA_HIP,block_64,551368, PASSED     ,0.00230706,10.5112,860.369,build_lc_toss4-cray-mpich-9.0.1-amdclang-6.4.3-gfx942/RPBenchmark_tier1-SPX/INTSC_HEXRECT_factor_256-kernel-run-data.csv,HIP,RAJA_HIP-block_64
Apps_INTSC_HEXRECT,Base_HIP,block_64,6434856, PASSED     ,0.0250631,11.2617,924.288,build_lc_toss4-cray-mpich-9.0.1-amdclang-6.4.3-gfx942/RPBenchmark_tier1-SPX/INTSC_HEXRECT_factor_3000-kernel-run-data.csv,HIP,Base_HIP-block_64
Apps_INTSC_HEXRECT,RAJA_HIP,block_64,6434856, PASSED     ,0.0248905,11.3398,930.696,build_lc_toss4-cray-mpich-9.0.1-amdclang-6.4.3-gfx942/RPBenchmark_tier1-SPX/INTSC_HEXRECT_factor_3000-kernel-run-data.csv,HIP,RAJA_HIP-block_64
Apps_INTSC_HEXRECT,Base_HIP,block_64,74088, PASSED     ,0.000484632,6.75563,550.349,build_lc_toss4-cray-mpich-9.0.1-amdclang-6.4.3-gfx942/RPBenchmark_tier1-SPX/INTSC_HEXRECT_factor_32-kernel-run-data.csv,HIP,Base_HIP-block_64
Apps_INTSC_HEXRECT,RAJA_HIP,block_64,74088, PASSED     ,0.000477072,6.86268,559.07,build_lc_toss4-cray-mpich-9.0.1-amdclang-6.4.3-gfx942/RPBenchmark_tier1-SPX/INTSC_HEXRECT_factor_32-kernel-run-data.csv,HIP,RAJA_HIP-block_64
Apps_INTSC_HEXRECT,Base_HIP,block_64,10648, PASSED     ,0.000254392,1.86704,150.684,build_lc_toss4-cray-mpich-9.0.1-amdclang-6.4.3-gfx942/RPBenchmark_tier1-SPX/INTSC_HEXRECT_factor_4-kernel-run-data.csv,HIP,Base_HIP-block_64
Apps_INTSC_HEXRECT,RAJA_HIP,block_64,10648, PASSED     ,0.000247231,1.92112,155.049,build_lc_toss4-cray-mpich-9.0.1-amdclang-6.4.3-gfx942/RPBenchmark_tier1-SPX/INTSC_HEXRECT_factor_4-kernel-run-data.csv,HIP,RAJA_HIP-block_64
Apps_INTSC_HEXRECT,Base_HIP,block_64,8741816, PASSED     ,0.0338003,11.3421,931.072,build_lc_toss4-cray-mpich-9.0.1-amdclang-6.4.3-gfx942/RPBenchmark_tier1-SPX/INTSC_HEXRECT_factor_4000-kernel-run-data.csv,HIP,Base_HIP-block_64
Apps_INTSC_HEXRECT,RAJA_HIP,block_64,8741816, PASSED     ,0.0337442,11.3609,932.62,build_lc_toss4-cray-mpich-9.0.1-amdclang-6.4.3-gfx942/RPBenchmark_tier1-SPX/INTSC_HEXRECT_factor_4000-kernel-run-data.csv,HIP,RAJA_HIP-block_64
Apps_INTSC_HEXRECT,Base_HIP,block_64,1124864, PASSED     ,0.00455743,10.8444,888.551,build_lc_toss4-cray-mpich-9.0.1-amdclang-6.4.3-gfx942/RPBenchmark_tier1-SPX/INTSC_HEXRECT_factor_512-kernel-run-data.csv,HIP,Base_HIP-block_64
Apps_INTSC_HEXRECT,RAJA_HIP,block_64,1124864, PASSED     ,0.00455989,10.8385,888.071,build_lc_toss4-cray-mpich-9.0.1-amdclang-6.4.3-gfx942/RPBenchmark_tier1-SPX/INTSC_HEXRECT_factor_512-kernel-run-data.csv,HIP,RAJA_HIP-block_64
Apps_INTSC_HEXRECT,Base_HIP,block_64,140608, PASSED     ,0.000713694,8.68973,709.252,build_lc_toss4-cray-mpich-9.0.1-amdclang-6.4.3-gfx942/RPBenchmark_tier1-SPX/INTSC_HEXRECT_factor_64-kernel-run-data.csv,HIP,Base_HIP-block_64
Apps_INTSC_HEXRECT,RAJA_HIP,block_64,140608, PASSED     ,0.000707823,8.76181,715.135,build_lc_toss4-cray-mpich-9.0.1-amdclang-6.4.3-gfx942/RPBenchmark_tier1-SPX/INTSC_HEXRECT_factor_64-kernel-run-data.csv,HIP,RAJA_HIP-block_64
Apps_MASS3DEA,Base_HIP,compile_time_block_stride_loop_64,12288, PASSED     ,0.000206771,0.457007,0.415996,build_lc_toss4-cray-mpich-9.0.1-amdclang-6.4.3-gfx942/RPBenchmark_tier1-SPX/MASS3DEA_factor_1-kernel-run-data.csv,HIP,Base_HIP-compile_time_block_stride_loop_64
Apps_MASS3DEA,RAJA_HIP,compile_time_block_stride_loop_64,12288, PASSED     ,0.000385432,0.245168,0.223168,build_lc_toss4-cray-mpich-9.0.1-amdclang-6.4.3-gfx942/RPBenchmark_tier1-SPX/MASS3DEA_factor_1-kernel-run-data.csv,HIP,RAJA_HIP-compile_time_block_stride_loop_64
Apps_MASS3DEA,RAJA_HIP,cached_block_stride_loop_64,12288, PASSED     ,0.000238491,0.396223,0.360668,build_lc_toss4-cray-mpich-9.0.1-amdclang-6.4.3-gfx942/RPBenchmark_tier1-SPX/MASS3DEA_factor_1-kernel-run-data.csv,HIP,RAJA_HIP-cached_block_stride_loop_64
Apps_MASS3DEA,Base_HIP,compile_time_block_stride_loop_64,12423168, PASSED     ,0.000642973,148.349,135.25,build_lc_toss4-cray-mpich-9.0.1-amdclang-6.4.3-gfx942/RPBenchmark_tier1-SPX/MASS3DEA_factor_1024-kernel-run-data.csv,HIP,Base_HIP-compile_time_block_stride_loop_64
Apps_MASS3DEA,RAJA_HIP,compile_time_block_stride_loop_64,12423168, PASSED     ,0.00240372,39.6821,36.1781,build_lc_toss4-cray-mpich-9.0.1-amdclang-6.4.3-gfx942/RPBenchmark_tier1-SPX/MASS3DEA_factor_1024-kernel-run-data.csv,HIP,RAJA_HIP-compile_time_block_stride_loop_64
Apps_MASS3DEA,RAJA_HIP,cached_block_stride_loop_64,12423168, PASSED     ,0.000697674,136.718,124.646,build_lc_toss4-cray-mpich-9.0.1-amdclang-6.4.3-gfx942/RPBenchmark_tier1-SPX/MASS3DEA_factor_1024-kernel-run-data.csv,HIP,RAJA_HIP-cached_block_stride_loop_64
Apps_MASS3DEA,Base_HIP,compile_time_block_stride_loop_64,1556480, PASSED     ,0.000227722,52.4795,47.845,build_lc_toss4-cray-mpich-9.0.1-amdclang-6.4.3-gfx942/RPBenchmark_tier1-SPX/MASS3DEA_factor_128-kernel-run-data.csv,HIP,Base_HIP-compile_time_block_stride_loop_64
Apps_MASS3DEA,RAJA_HIP,compile_time_block_stride_loop_64,1556480, PASSED     ,0.000486422,24.5686,22.399,build_lc_toss4-cray-mpich-9.0.1-amdclang-6.4.3-gfx942/RPBenchmark_tier1-SPX/MASS3DEA_factor_128-kernel-run-data.csv,HIP,RAJA_HIP-compile_time_block_stride_loop_64
Apps_MASS3DEA,RAJA_HIP,cached_block_stride_loop_64,1556480, PASSED     ,0.000258672,46.2003,42.1204,build_lc_toss4-cray-mpich-9.0.1-amdclang-6.4.3-gfx942/RPBenchmark_tier1-SPX/MASS3DEA_factor_128-kernel-run-data.csv,HIP,RAJA_HIP-cached_block_stride_loop_64
Apps_MASS3DEA,Base_HIP,compile_time_block_stride_loop_64,18198528, PASSED     ,0.000881864,158.446,144.455,build_lc_toss4-cray-mpich-9.0.1-amdclang-6.4.3-gfx942/RPBenchmark_tier1-SPX/MASS3DEA_factor_1500-kernel-run-data.csv,HIP,Base_HIP-compile_time_block_stride_loop_64
Apps_MASS3DEA,RAJA_HIP,compile_time_block_stride_loop_64,18198528, PASSED     ,0.00322975,43.2627,39.4426,build_lc_toss4-cray-mpich-9.0.1-amdclang-6.4.3-gfx942/RPBenchmark_tier1-SPX/MASS3DEA_factor_1500-kernel-run-data.csv,HIP,RAJA_HIP-compile_time_block_stride_loop_64
Apps_MASS3DEA,RAJA_HIP,cached_block_stride_loop_64,18198528, PASSED     ,0.000702274,198.965,181.396,build_lc_toss4-cray-mpich-9.0.1-amdclang-6.4.3-gfx942/RPBenchmark_tier1-SPX/MASS3DEA_factor_1500-kernel-run-data.csv,HIP,RAJA_HIP-cached_block_stride_loop_64
Apps_MASS3DEA,Base_HIP,compile_time_block_stride_loop_64,196608, PASSED     ,0.000210561,7.16988,6.53614,build_lc_toss4-cray-mpich-9.0.1-amdclang-6.4.3-gfx942/RPBenchmark_tier1-SPX/MASS3DEA_factor_16-kernel-run-data.csv,HIP,Base_HIP-compile_time_block_stride_loop_64
Apps_MASS3DEA,RAJA_HIP,compile_time_block_stride_loop_64,196608, PASSED     ,0.000377712,3.99695,3.64367,build_lc_toss4-cray-mpich-9.0.1-amdclang-6.4.3-gfx942/RPBenchmark_tier1-SPX/MASS3DEA_factor_16-kernel-run-data.csv,HIP,RAJA_HIP-compile_time_block_stride_loop_64
Apps_MASS3DEA,RAJA_HIP,cached_block_stride_loop_64,196608, PASSED     ,0.000242752,6.21909,5.66939,build_lc_toss4-cray-mpich-9.0.1-amdclang-6.4.3-gfx942/RPBenchmark_tier1-SPX/MASS3DEA_factor_16-kernel-run-data.csv,HIP,RAJA_HIP-cached_block_stride_loop_64
Apps_MASS3DEA,Base_HIP,compile_time_block_stride_loop_64,24842240, PASSED     ,0.00100515,189.76,173.004,build_lc_toss4-cray-mpich-9.0.1-amdclang-6.4.3-gfx942/RPBenchmark_tier1-SPX/MASS3DEA_factor_2048-kernel-run-data.csv,HIP,Base_HIP-compile_time_block_stride_loop_64
Apps_MASS3DEA,RAJA_HIP,compile_time_block_stride_loop_64,24842240, PASSED     ,0.0042862,44.5004,40.5711,build_lc_toss4-cray-mpich-9.0.1-amdclang-6.4.3-gfx942/RPBenchmark_tier1-SPX/MASS3DEA_factor_2048-kernel-run-data.csv,HIP,RAJA_HIP-compile_time_block_stride_loop_64
Apps_MASS3DEA,RAJA_HIP,cached_block_stride_loop_64,24842240, PASSED     ,0.000996835,191.343,174.448,build_lc_toss4-cray-mpich-9.0.1-amdclang-6.4.3-gfx942/RPBenchmark_tier1-SPX/MASS3DEA_factor_2048-kernel-run-data.csv,HIP,RAJA_HIP-cached_block_stride_loop_64
Apps_MASS3DEA,Base_HIP,compile_time_block_stride_loop_64,3108864, PASSED     ,0.000249851,95.5364,87.1001,build_lc_toss4-cray-mpich-9.0.1-amdclang-6.4.3-gfx942/RPBenchmark_tier1-SPX/MASS3DEA_factor_256-kernel-run-data.csv,HIP,Base_HIP-compile_time_block_stride_loop_64
Apps_MASS3DEA,RAJA_HIP,compile_time_block_stride_loop_64,3108864, PASSED     ,0.000636444,37.5051,34.1932,build_lc_toss4-cray-mpich-9.0.1-amdclang-6.4.3-gfx942/RPBenchmark_tier1-SPX/MASS3DEA_factor_256-kernel-run-data.csv,HIP,RAJA_HIP-compile_time_block_stride_loop_64
Apps_MASS3DEA,RAJA_HIP,cached_block_stride_loop_64,3108864, PASSED     ,0.000274182,87.0585,79.3708,build_lc_toss4-cray-mpich-9.0.1-amdclang-6.4.3-gfx942/RPBenchmark_tier1-SPX/MASS3DEA_factor_256-kernel-run-data.csv,HIP,RAJA_HIP-cached_block_stride_loop_64
Apps_MASS3DEA,Base_HIP,compile_time_block_stride_loop_64,36392960, PASSED     ,0.001419,196.916,179.529,build_lc_toss4-cray-mpich-9.0.1-amdclang-6.4.3-gfx942/RPBenchmark_tier1-SPX/MASS3DEA_factor_3000-kernel-run-data.csv,HIP,Base_HIP-compile_time_block_stride_loop_64
Apps_MASS3DEA,RAJA_HIP,compile_time_block_stride_loop_64,36392960, PASSED     ,0.00644592,43.3489,39.5212,build_lc_toss4-cray-mpich-9.0.1-amdclang-6.4.3-gfx942/RPBenchmark_tier1-SPX/MASS3DEA_factor_3000-kernel-run-data.csv,HIP,RAJA_HIP-compile_time_block_stride_loop_64
Apps_MASS3DEA,RAJA_HIP,cached_block_stride_loop_64,36392960, PASSED     ,0.00113727,245.698,224.003,build_lc_toss4-cray-mpich-9.0.1-amdclang-6.4.3-gfx942/RPBenchmark_tier1-SPX/MASS3DEA_factor_3000-kernel-run-data.csv,HIP,RAJA_HIP-cached_block_stride_loop_64
Apps_MASS3DEA,Base_HIP,compile_time_block_stride_loop_64,389120, PASSED     ,0.000211771,14.1086,12.8622,build_lc_toss4-cray-mpich-9.0.1-amdclang-6.4.3-gfx942/RPBenchmark_tier1-SPX/MASS3DEA_factor_32-kernel-run-data.csv,HIP,Base_HIP-compile_time_block_stride_loop_64
Apps_MASS3DEA,RAJA_HIP,compile_time_block_stride_loop_64,389120, PASSED     ,0.000407642,7.32946,6.68194,build_lc_toss4-cray-mpich-9.0.1-amdclang-6.4.3-gfx942/RPBenchmark_tier1-SPX/MASS3DEA_factor_32-kernel-run-data.csv,HIP,RAJA_HIP-compile_time_block_stride_loop_64
Apps_MASS3DEA,RAJA_HIP,cached_block_stride_loop_64,389120, PASSED     ,0.000244441,12.223,11.1431,build_lc_toss4-cray-mpich-9.0.1-amdclang-6.4.3-gfx942/RPBenchmark_tier1-SPX/MASS3DEA_factor_32-kernel-run-data.csv,HIP,RAJA_HIP-cached_block_stride_loop_64
Apps_MASS3DEA,Base_HIP,compile_time_block_stride_loop_64,49152, PASSED     ,0.000208882,1.80741,1.64717,build_lc_toss4-cray-mpich-9.0.1-amdclang-6.4.3-gfx942/RPBenchmark_tier1-SPX/MASS3DEA_factor_4-kernel-run-data.csv,HIP,Base_HIP-compile_time_block_stride_loop_64
Apps_MASS3DEA,RAJA_HIP,compile_time_block_stride_loop_64,49152, PASSED     ,0.000386372,0.97713,0.890499,build_lc_toss4-cray-mpich-9.0.1-amdclang-6.4.3-gfx942/RPBenchmark_tier1-SPX/MASS3DEA_factor_4-kernel-run-data.csv,HIP,RAJA_HIP-compile_time_block_stride_loop_64
Apps_MASS3DEA,RAJA_HIP,cached_block_stride_loop_64,49152, PASSED     ,0.000240061,1.57267,1.43324,build_lc_toss4-cray-mpich-9.0.1-amdclang-6.4.3-gfx942/RPBenchmark_tier1-SPX/MASS3DEA_factor_4-kernel-run-data.csv,HIP,RAJA_HIP-cached_block_stride_loop_64
Apps_MASS3DEA,Base_HIP,compile_time_block_stride_loop_64,48521216, PASSED     ,0.00171052,217.796,198.565,build_lc_toss4-cray-mpich-9.0.1-amdclang-6.4.3-gfx942/RPBenchmark_tier1-SPX/MASS3DEA_factor_4000-kernel-run-data.csv,HIP,Base_HIP-compile_time_block_stride_loop_64
Apps_MASS3DEA,RAJA_HIP,compile_time_block_stride_loop_64,48521216, PASSED     ,0.00867857,42.9269,39.1365,build_lc_toss4-cray-mpich-9.0.1-amdclang-6.4.3-gfx942/RPBenchmark_tier1-SPX/MASS3DEA_factor_4000-kernel-run-data.csv,HIP,RAJA_HIP-compile_time_block_stride_loop_64
Apps_MASS3DEA,RAJA_HIP,cached_block_stride_loop_64,48521216, PASSED     ,0.00151367,246.12,224.388,build_lc_toss4-cray-mpich-9.0.1-amdclang-6.4.3-gfx942/RPBenchmark_tier1-SPX/MASS3DEA_factor_4000-kernel-run-data.csv,HIP,RAJA_HIP-cached_block_stride_loop_64
Apps_MASS3DEA,Base_HIP,compile_time_block_stride_loop_64,6213632, PASSED     ,0.000273321,174.55,159.137,build_lc_toss4-cray-mpich-9.0.1-amdclang-6.4.3-gfx942/RPBenchmark_tier1-SPX/MASS3DEA_factor_512-kernel-run-data.csv,HIP,Base_HIP-compile_time_block_stride_loop_64
Apps_MASS3DEA,RAJA_HIP,compile_time_block_stride_loop_64,6213632, PASSED     ,0.00119519,39.9169,36.3922,build_lc_toss4-cray-mpich-9.0.1-amdclang-6.4.3-gfx942/RPBenchmark_tier1-SPX/MASS3DEA_factor_512-kernel-run-data.csv,HIP,RAJA_HIP-compile_time_block_stride_loop_64
Apps_MASS3DEA,RAJA_HIP,cached_block_stride_loop_64,6213632, PASSED     ,0.000339801,140.4,128.003,build_lc_toss4-cray-mpich-9.0.1-amdclang-6.4.3-gfx942/RPBenchmark_tier1-SPX/MASS3DEA_factor_512-kernel-run-data.csv,HIP,RAJA_HIP-cached_block_stride_loop_64
Apps_MASS3DEA,Base_HIP,compile_time_block_stride_loop_64,778240, PASSED     ,0.000215931,27.6729,25.2288,build_lc_toss4-cray-mpich-9.0.1-amdclang-6.4.3-gfx942/RPBenchmark_tier1-SPX/MASS3DEA_factor_64-kernel-run-data.csv,HIP,Base_HIP-compile_time_block_stride_loop_64
Apps_MASS3DEA,RAJA_HIP,compile_time_block_stride_loop_64,778240, PASSED     ,0.000435042,13.7353,12.5222,build_lc_toss4-cray-mpich-9.0.1-amdclang-6.4.3-gfx942/RPBenchmark_tier1-SPX/MASS3DEA_factor_64-kernel-run-data.csv,HIP,RAJA_HIP-compile_time_block_stride_loop_64
Apps_MASS3DEA,RAJA_HIP,cached_block_stride_loop_64,778240, PASSED     ,0.000247912,24.1031,21.9742,build_lc_toss4-cray-mpich-9.0.1-amdclang-6.4.3-gfx942/RPBenchmark_tier1-SPX/MASS3DEA_factor_64-kernel-run-data.csv,HIP,RAJA_HIP-cached_block_stride_loop_64
Apps_MASS3DPA_ATOMIC,Base_HIP,block_64,1331, PASSED     ,3.19862e-06,35.8248,72.9612,build_lc_toss4-cray-mpich-9.0.1-amdclang-6.4.3-gfx942/RPBenchmark_tier1-SPX/MASS3DPA_ATOMIC_factor_1-kernel-run-data.csv,HIP,Base_HIP-block_64
Apps_MASS3DPA_ATOMIC,RAJA_HIP,block_64,1331, PASSED     ,3.16702e-06,36.1823,73.6891,build_lc_toss4-cray-mpich-9.0.1-amdclang-6.4.3-gfx942/RPBenchmark_tier1-SPX/MASS3DPA_ATOMIC_factor_1-kernel-run-data.csv,HIP,RAJA_HIP-block_64
Apps_MASS3DPA_ATOMIC,Base_HIP,block_64,1030301, PASSED     ,9.07139e-05,1188.13,2572.65,build_lc_toss4-cray-mpich-9.0.1-amdclang-6.4.3-gfx942/RPBenchmark_tier1-SPX/MASS3DPA_ATOMIC_factor_1024-kernel-run-data.csv,HIP,Base_HIP-block_64
Apps_MASS3DPA_ATOMIC,RAJA_HIP,block_64,1030301, PASSED     ,9.12993e-05,1180.51,2556.15,build_lc_toss4-cray-mpich-9.0.1-amdclang-6.4.3-gfx942/RPBenchmark_tier1-SPX/MASS3DPA_ATOMIC_factor_1024-kernel-run-data.csv,HIP,RAJA_HIP-block_64
Apps_MASS3DPA_ATOMIC,Base_HIP,block_64,132651, PASSED     ,1.25042e-05,1084.34,2332.96,build_lc_toss4-cray-mpich-9.0.1-amdclang-6.4.3-gfx942/RPBenchmark_tier1-SPX/MASS3DPA_ATOMIC_factor_128-kernel-run-data.csv,HIP,Base_HIP-block_64
Apps_MASS3DPA_ATOMIC,RAJA_HIP,block_64,132651, PASSED     ,1.25037e-05,1084.39,2333.07,build_lc_toss4-cray-mpich-9.0.1-amdclang-6.4.3-gfx942/RPBenchmark_tier1-SPX/MASS3DPA_ATOMIC_factor_128-kernel-run-data.csv,HIP,RAJA_HIP-block_64
Apps_MASS3DPA_ATOMIC,Base_HIP,block_64,1442897, PASSED     ,0.000131721,1148.79,2489.17,build_lc_toss4-cray-mpich-9.0.1-amdclang-6.4.3-gfx942/RPBenchmark_tier1-SPX/MASS3DPA_ATOMIC_factor_1500-kernel-run-data.csv,HIP,Base_HIP-block_64
Apps_MASS3DPA_ATOMIC,RAJA_HIP,block_64,1442897, PASSED     ,0.000132719,1140.15,2470.45,build_lc_toss4-cray-mpich-9.0.1-amdclang-6.4.3-gfx942/RPBenchmark_tier1-SPX/MASS3DPA_ATOMIC_factor_1500-kernel-run-data.csv,HIP,RAJA_HIP-block_64
Apps_MASS3DPA_ATOMIC,Base_HIP,block_64,19683, PASSED     ,4.90962e-06,393.027,835.462,build_lc_toss4-cray-mpich-9.0.1-amdclang-6.4.3-gfx942/RPBenchmark_tier1-SPX/MASS3DPA_ATOMIC_factor_16-kernel-run-data.csv,HIP,Base_HIP-block_64
Apps_MASS3DPA_ATOMIC,RAJA_HIP,block_64,19683, PASSED     ,4.71302e-06,409.421,870.312,build_lc_toss4-cray-mpich-9.0.1-amdclang-6.4.3-gfx942/RPBenchmark_tier1-SPX/MASS3DPA_ATOMIC_factor_16-kernel-run-data.csv,HIP,RAJA_HIP-block_64
Apps_MASS3DPA_ATOMIC,Base_HIP,block_64,2048383, PASSED     ,0.000196391,1096.37,2377.08,build_lc_toss4-cray-mpich-9.0.1-amdclang-6.4.3-gfx942/RPBenchmark_tier1-SPX/MASS3DPA_ATOMIC_factor_2048-kernel-run-data.csv,HIP,Base_HIP-block_64
Apps_MASS3DPA_ATOMIC,RAJA_HIP,block_64,2048383, PASSED     ,0.000195014,1104.11,2393.87,build_lc_toss4-cray-mpich-9.0.1-amdclang-6.4.3-gfx942/RPBenchmark_tier1-SPX/MASS3DPA_ATOMIC_factor_2048-kernel-run-data.csv,HIP,RAJA_HIP-block_64
Apps_MASS3DPA_ATOMIC,Base_HIP,block_64,250047, PASSED     ,2.20637e-05,1168.77,2520.87,build_lc_toss4-cray-mpich-9.0.1-amdclang-6.4.3-gfx942/RPBenchmark_tier1-SPX/MASS3DPA_ATOMIC_factor_256-kernel-run-data.csv,HIP,Base_HIP-block_64
Apps_MASS3DPA_ATOMIC,RAJA_HIP,block_64,250047, PASSED     ,2.23827e-05,1152.12,2484.95,build_lc_toss4-cray-mpich-9.0.1-amdclang-6.4.3-gfx942/RPBenchmark_tier1-SPX/MASS3DPA_ATOMIC_factor_256-kernel-run-data.csv,HIP,RAJA_HIP-block_64
Apps_MASS3DPA_ATOMIC,Base_HIP,block_64,2924207, PASSED     ,0.000288195,1068.81,2318.64,build_lc_toss4-cray-mpich-9.0.1-amdclang-6.4.3-gfx942/RPBenchmark_tier1-SPX/MASS3DPA_ATOMIC_factor_3000-kernel-run-data.csv,HIP,Base_HIP-block_64
Apps_MASS3DPA_ATOMIC,RAJA_HIP,block_64,2924207, PASSED     ,0.00029387,1048.17,2273.86,build_lc_toss4-cray-mpich-9.0.1-amdclang-6.4.3-gfx942/RPBenchmark_tier1-SPX/MASS3DPA_ATOMIC_factor_3000-kernel-run-data.csv,HIP,RAJA_HIP-block_64
Apps_MASS3DPA_ATOMIC,Base_HIP,block_64,35937, PASSED     ,6.08482e-06,588.422,1256.77,build_lc_toss4-cray-mpich-9.0.1-amdclang-6.4.3-gfx942/RPBenchmark_tier1-SPX/MASS3DPA_ATOMIC_factor_32-kernel-run-data.csv,HIP,Base_HIP-block_64
Apps_MASS3DPA_ATOMIC,RAJA_HIP,block_64,35937, PASSED     ,5.92322e-06,604.476,1291.06,build_lc_toss4-cray-mpich-9.0.1-amdclang-6.4.3-gfx942/RPBenchmark_tier1-SPX/MASS3DPA_ATOMIC_factor_32-kernel-run-data.csv,HIP,RAJA_HIP-block_64
Apps_MASS3DPA_ATOMIC,Base_HIP,block_64,4913, PASSED     ,3.27842e-06,139.409,291.575,build_lc_toss4-cray-mpich-9.0.1-amdclang-6.4.3-gfx942/RPBenchmark_tier1-SPX/MASS3DPA_ATOMIC_factor_4-kernel-run-data.csv,HIP,Base_HIP-block_64
Apps_MASS3DPA_ATOMIC,RAJA_HIP,block_64,4913, PASSED     ,3.32802e-06,137.331,287.229,build_lc_toss4-cray-mpich-9.0.1-amdclang-6.4.3-gfx942/RPBenchmark_tier1-SPX/MASS3DPA_ATOMIC_factor_4-kernel-run-data.csv,HIP,RAJA_HIP-block_64
Apps_MASS3DPA_ATOMIC,Base_HIP,block_64,3869893, PASSED     ,0.000395722,1031.65,2238.92,build_lc_toss4-cray-mpich-9.0.1-amdclang-6.4.3-gfx942/RPBenchmark_tier1-SPX/MASS3DPA_ATOMIC_factor_4000-kernel-run-data.csv,HIP,Base_HIP-block_64
Apps_MASS3DPA_ATOMIC,RAJA_HIP,block_64,3869893, PASSED     ,0.000402252,1014.9,2202.57,build_lc_toss4-cray-mpich-9.0.1-amdclang-6.4.3-gfx942/RPBenchmark_tier1-SPX/MASS3DPA_ATOMIC_factor_4000-kernel-run-data.csv,HIP,RAJA_HIP-block_64
Apps_MASS3DPA_ATOMIC,Base_HIP,block_64,531441, PASSED     ,4.67068e-05,1183.36,2558.26,build_lc_toss4-cray-mpich-9.0.1-amdclang-6.4.3-gfx942/RPBenchmark_tier1-SPX/MASS3DPA_ATOMIC_factor_512-kernel-run-data.csv,HIP,Base_HIP-block_64
Apps_MASS3DPA_ATOMIC,RAJA_HIP,block_64,531441, PASSED     ,4.74824e-05,1164.03,2516.47,build_lc_toss4-cray-mpich-9.0.1-amdclang-6.4.3-gfx942/RPBenchmark_tier1-SPX/MASS3DPA_ATOMIC_factor_512-kernel-run-data.csv,HIP,RAJA_HIP-block_64
Apps_MASS3DPA_ATOMIC,Base_HIP,block_64,68921, PASSED     ,8.14344e-06,855.243,1834.11,build_lc_toss4-cray-mpich-9.0.1-amdclang-6.4.3-gfx942/RPBenchmark_tier1-SPX/MASS3DPA_ATOMIC_factor_64-kernel-run-data.csv,HIP,Base_HIP-block_64
Apps_MASS3DPA_ATOMIC,RAJA_HIP,block_64,68921, PASSED     ,8.13364e-06,856.273,1836.32,build_lc_toss4-cray-mpich-9.0.1-amdclang-6.4.3-gfx942/RPBenchmark_tier1-SPX/MASS3DPA_ATOMIC_factor_64-kernel-run-data.csv,HIP,RAJA_HIP-block_64
Apps_MASSVEC3DPA,Base_HIP,runtime_block_stride_loop_64,10752, PASSED     ,8.60366e-06,10.9702,35.9289,build_lc_toss4-cray-mpich-9.0.1-amdclang-6.4.3-gfx942/RPBenchmark_tier1-SPX/MASSVEC3DPA_factor_1-kernel-run-data.csv,HIP,Base_HIP-runtime_block_stride_loop_64
Apps_MASSVEC3DPA,Base_HIP,direct_64,10752, PASSED     ,4.33764e-06,21.7593,71.2646,build_lc_toss4-cray-mpich-9.0.1-amdclang-6.4.3-gfx942/RPBenchmark_tier1-SPX/MASSVEC3DPA_factor_1-kernel-run-data.csv,HIP,Base_HIP-direct_64
Apps_MASSVEC3DPA,RAJA_HIP,runtime_block_stride_loop_64,10752, PASSED     ,1.07471e-05,8.78229,28.7632,build_lc_toss4-cray-mpich-9.0.1-amdclang-6.4.3-gfx942/RPBenchmark_tier1-SPX/MASSVEC3DPA_factor_1-kernel-run-data.csv,HIP,RAJA_HIP-runtime_block_stride_loop_64
Apps_MASSVEC3DPA,RAJA_HIP,direct_64,10752, PASSED     ,4.44284e-06,21.2441,69.5771,build_lc_toss4-cray-mpich-9.0.1-amdclang-6.4.3-gfx942/RPBenchmark_tier1-SPX/MASSVEC3DPA_factor_1-kernel-run-data.csv,HIP,RAJA_HIP-direct_64
Apps_MASSVEC3DPA,RAJA_HIP,cached_block_stride_loop_64,10752, PASSED     ,8.02244e-06,11.765,38.5319,build_lc_toss4-cray-mpich-9.0.1-amdclang-6.4.3-gfx942/RPBenchmark_tier1-SPX/MASSVEC3DPA_factor_1-kernel-run-data.csv,HIP,RAJA_HIP-cached_block_stride_loop_64
Apps_MASSVEC3DPA,Base_HIP,runtime_block_stride_loop_64,10874496, PASSED     ,0.00012492,763.44,2502.74,build_lc_toss4-cray-mpich-9.0.1-amdclang-6.4.3-gfx942/RPBenchmark_tier1-SPX/MASSVEC3DPA_factor_1024-kernel-run-data.csv,HIP,Base_HIP-runtime_block_stride_loop_64
Apps_MASSVEC3DPA,Base_HIP,direct_64,10874496, PASSED     ,9.47058e-05,1007.0,3301.19,build_lc_toss4-cray-mpich-9.0.1-amdclang-6.4.3-gfx942/RPBenchmark_tier1-SPX/MASSVEC3DPA_factor_1024-kernel-run-data.csv,HIP,Base_HIP-direct_64
Apps_MASSVEC3DPA,RAJA_HIP,runtime_block_stride_loop_64,10874496, PASSED     ,0.000171547,555.934,1822.48,build_lc_toss4-cray-mpich-9.0.1-amdclang-6.4.3-gfx942/RPBenchmark_tier1-SPX/MASSVEC3DPA_factor_1024-kernel-run-data.csv,HIP,RAJA_HIP-runtime_block_stride_loop_64
Apps_MASSVEC3DPA,RAJA_HIP,direct_64,10874496, PASSED     ,9.58254e-05,995.237,3262.62,build_lc_toss4-cray-mpich-9.0.1-amdclang-6.4.3-gfx942/RPBenchmark_tier1-SPX/MASSVEC3DPA_factor_1024-kernel-run-data.csv,HIP,RAJA_HIP-direct_64
Apps_MASSVEC3DPA,RAJA_HIP,cached_block_stride_loop_64,10874496, PASSED     ,0.000118494,804.841,2638.46,build_lc_toss4-cray-mpich-9.0.1-amdclang-6.4.3-gfx942/RPBenchmark_tier1-SPX/MASSVEC3DPA_factor_1024-kernel-run-data.csv,HIP,RAJA_HIP-cached_block_stride_loop_64
Apps_MASSVEC3DPA,Base_HIP,runtime_block_stride_loop_64,1359360, PASSED     ,1.92459e-05,619.436,2030.64,build_lc_toss4-cray-mpich-9.0.1-amdclang-6.4.3-gfx942/RPBenchmark_tier1-SPX/MASSVEC3DPA_factor_128-kernel-run-data.csv,HIP,Base_HIP-runtime_block_stride_loop_64
Apps_MASSVEC3DPA,Base_HIP,direct_64,1359360, PASSED     ,1.49119e-05,799.47,2620.83,build_lc_toss4-cray-mpich-9.0.1-amdclang-6.4.3-gfx942/RPBenchmark_tier1-SPX/MASSVEC3DPA_factor_128-kernel-run-data.csv,HIP,Base_HIP-direct_64
Apps_MASSVEC3DPA,RAJA_HIP,runtime_block_stride_loop_64,1359360, PASSED     ,2.54374e-05,468.666,1536.39,build_lc_toss4-cray-mpich-9.0.1-amdclang-6.4.3-gfx942/RPBenchmark_tier1-SPX/MASSVEC3DPA_factor_128-kernel-run-data.csv,HIP,RAJA_HIP-runtime_block_stride_loop_64
Apps_MASSVEC3DPA,RAJA_HIP,direct_64,1359360, PASSED     ,1.50461e-05,792.339,2597.46,build_lc_toss4-cray-mpich-9.0.1-amdclang-6.4.3-gfx942/RPBenchmark_tier1-SPX/MASSVEC3DPA_factor_128-kernel-run-data.csv,HIP,RAJA_HIP-direct_64
Apps_MASSVEC3DPA,RAJA_HIP,cached_block_stride_loop_64,1359360, PASSED     ,1.87935e-05,634.347,2079.53,build_lc_toss4-cray-mpich-9.0.1-amdclang-6.4.3-gfx942/RPBenchmark_tier1-SPX/MASSVEC3DPA_factor_128-kernel-run-data.csv,HIP,RAJA_HIP-cached_block_stride_loop_64
Apps_MASSVEC3DPA,Base_HIP,runtime_block_stride_loop_64,15929280, PASSED     ,0.000177106,788.787,2585.83,build_lc_toss4-cray-mpich-9.0.1-amdclang-6.4.3-gfx942/RPBenchmark_tier1-SPX/MASSVEC3DPA_factor_1500-kernel-run-data.csv,HIP,Base_HIP-runtime_block_stride_loop_64
Apps_MASSVEC3DPA,Base_HIP,direct_64,15929280, PASSED     ,0.000139158,1003.89,3290.98,build_lc_toss4-cray-mpich-9.0.1-amdclang-6.4.3-gfx942/RPBenchmark_tier1-SPX/MASSVEC3DPA_factor_1500-kernel-run-data.csv,HIP,Base_HIP-direct_64
Apps_MASSVEC3DPA,RAJA_HIP,runtime_block_stride_loop_64,15929280, PASSED     ,0.000247767,563.832,1848.38,build_lc_toss4-cray-mpich-9.0.1-amdclang-6.4.3-gfx942/RPBenchmark_tier1-SPX/MASSVEC3DPA_factor_1500-kernel-run-data.csv,HIP,RAJA_HIP-runtime_block_stride_loop_64
Apps_MASSVEC3DPA,RAJA_HIP,direct_64,15929280, PASSED     ,0.000141193,989.422,3243.56,build_lc_toss4-cray-mpich-9.0.1-amdclang-6.4.3-gfx942/RPBenchmark_tier1-SPX/MASSVEC3DPA_factor_1500-kernel-run-data.csv,HIP,RAJA_HIP-direct_64
Apps_MASSVEC3DPA,RAJA_HIP,cached_block_stride_loop_64,15929280, PASSED     ,0.000170402,819.822,2687.57,build_lc_toss4-cray-mpich-9.0.1-amdclang-6.4.3-gfx942/RPBenchmark_tier1-SPX/MASSVEC3DPA_factor_1500-kernel-run-data.csv,HIP,RAJA_HIP-cached_block_stride_loop_64
Apps_MASSVEC3DPA,Base_HIP,runtime_block_stride_loop_64,169920, PASSED     ,9.14146e-06,163.024,534.4,build_lc_toss4-cray-mpich-9.0.1-amdclang-6.4.3-gfx942/RPBenchmark_tier1-SPX/MASSVEC3DPA_factor_16-kernel-run-data.csv,HIP,Base_HIP-runtime_block_stride_loop_64
Apps_MASSVEC3DPA,Base_HIP,direct_64,169920, PASSED     ,5.14864e-06,289.451,948.833,build_lc_toss4-cray-mpich-9.0.1-amdclang-6.4.3-gfx942/RPBenchmark_tier1-SPX/MASSVEC3DPA_factor_16-kernel-run-data.csv,HIP,Base_HIP-direct_64
Apps_MASSVEC3DPA,RAJA_HIP,runtime_block_stride_loop_64,169920, PASSED     ,1.14839e-05,129.771,425.396,build_lc_toss4-cray-mpich-9.0.1-amdclang-6.4.3-gfx942/RPBenchmark_tier1-SPX/MASSVEC3DPA_factor_16-kernel-run-data.csv,HIP,RAJA_HIP-runtime_block_stride_loop_64
Apps_MASSVEC3DPA,RAJA_HIP,direct_64,169920, PASSED     ,5.25744e-06,283.461,929.197,build_lc_toss4-cray-mpich-9.0.1-amdclang-6.4.3-gfx942/RPBenchmark_tier1-SPX/MASSVEC3DPA_factor_16-kernel-run-data.csv,HIP,RAJA_HIP-direct_64
Apps_MASSVEC3DPA,RAJA_HIP,cached_block_stride_loop_64,169920, PASSED     ,8.57006e-06,173.894,570.031,build_lc_toss4-cray-mpich-9.0.1-amdclang-6.4.3-gfx942/RPBenchmark_tier1-SPX/MASSVEC3DPA_factor_16-kernel-run-data.csv,HIP,RAJA_HIP-cached_block_stride_loop_64
Apps_MASSVEC3DPA,Base_HIP,runtime_block_stride_loop_64,21748800, PASSED     ,0.000243859,782.158,2564.1,build_lc_toss4-cray-mpich-9.0.1-amdclang-6.4.3-gfx942/RPBenchmark_tier1-SPX/MASSVEC3DPA_factor_2048-kernel-run-data.csv,HIP,Base_HIP-runtime_block_stride_loop_64
Apps_MASSVEC3DPA,Base_HIP,direct_64,21748800, PASSED     ,0.000192458,991.054,3248.91,build_lc_toss4-cray-mpich-9.0.1-amdclang-6.4.3-gfx942/RPBenchmark_tier1-SPX/MASSVEC3DPA_factor_2048-kernel-run-data.csv,HIP,Base_HIP-direct_64
Apps_MASSVEC3DPA,RAJA_HIP,runtime_block_stride_loop_64,21748800, PASSED     ,0.000351114,543.232,1780.84,build_lc_toss4-cray-mpich-9.0.1-amdclang-6.4.3-gfx942/RPBenchmark_tier1-SPX/MASSVEC3DPA_factor_2048-kernel-run-data.csv,HIP,RAJA_HIP-runtime_block_stride_loop_64
Apps_MASSVEC3DPA,RAJA_HIP,direct_64,21748800, PASSED     ,0.000194407,981.116,3216.33,build_lc_toss4-cray-mpich-9.0.1-amdclang-6.4.3-gfx942/RPBenchmark_tier1-SPX/MASSVEC3DPA_factor_2048-kernel-run-data.csv,HIP,RAJA_HIP-direct_64
Apps_MASSVEC3DPA,RAJA_HIP,cached_block_stride_loop_64,21748800, PASSED     ,0.000231159,825.129,2704.97,build_lc_toss4-cray-mpich-9.0.1-amdclang-6.4.3-gfx942/RPBenchmark_tier1-SPX/MASSVEC3DPA_factor_2048-kernel-run-data.csv,HIP,RAJA_HIP-cached_block_stride_loop_64
Apps_MASSVEC3DPA,Base_HIP,runtime_block_stride_loop_64,2718720, PASSED     ,3.30016e-05,722.484,2368.47,build_lc_toss4-cray-mpich-9.0.1-amdclang-6.4.3-gfx942/RPBenchmark_tier1-SPX/MASSVEC3DPA_factor_256-kernel-run-data.csv,HIP,Base_HIP-runtime_block_stride_loop_64
Apps_MASSVEC3DPA,Base_HIP,direct_64,2718720, PASSED     ,2.49545e-05,955.463,3132.22,build_lc_toss4-cray-mpich-9.0.1-amdclang-6.4.3-gfx942/RPBenchmark_tier1-SPX/MASSVEC3DPA_factor_256-kernel-run-data.csv,HIP,Base_HIP-direct_64
Apps_MASSVEC3DPA,RAJA_HIP,runtime_block_stride_loop_64,2718720, PASSED     ,4.53681e-05,525.549,1722.87,build_lc_toss4-cray-mpich-9.0.1-amdclang-6.4.3-gfx942/RPBenchmark_tier1-SPX/MASSVEC3DPA_factor_256-kernel-run-data.csv,HIP,RAJA_HIP-runtime_block_stride_loop_64
Apps_MASSVEC3DPA,RAJA_HIP,direct_64,2718720, PASSED     ,2.50245e-05,952.79,3123.46,build_lc_toss4-cray-mpich-9.0.1-amdclang-6.4.3-gfx942/RPBenchmark_tier1-SPX/MASSVEC3DPA_factor_256-kernel-run-data.csv,HIP,RAJA_HIP-direct_64
Apps_MASSVEC3DPA,RAJA_HIP,cached_block_stride_loop_64,2718720, PASSED     ,3.15532e-05,755.649,2477.19,build_lc_toss4-cray-mpich-9.0.1-amdclang-6.4.3-gfx942/RPBenchmark_tier1-SPX/MASSVEC3DPA_factor_256-kernel-run-data.csv,HIP,RAJA_HIP-cached_block_stride_loop_64
Apps_MASSVEC3DPA,Base_HIP,runtime_block_stride_loop_64,31858560, PASSED     ,0.000353325,790.769,2592.33,build_lc_toss4-cray-mpich-9.0.1-amdclang-6.4.3-gfx942/RPBenchmark_tier1-SPX/MASSVEC3DPA_factor_3000-kernel-run-data.csv,HIP,Base_HIP-runtime_block_stride_loop_64
Apps_MASSVEC3DPA,Base_HIP,direct_64,31858560, PASSED     ,0.000281797,991.488,3250.33,build_lc_toss4-cray-mpich-9.0.1-amdclang-6.4.3-gfx942/RPBenchmark_tier1-SPX/MASSVEC3DPA_factor_3000-kernel-run-data.csv,HIP,Base_HIP-direct_64
Apps_MASSVEC3DPA,RAJA_HIP,runtime_block_stride_loop_64,31858560, PASSED     ,0.000539524,517.861,1697.67,build_lc_toss4-cray-mpich-9.0.1-amdclang-6.4.3-gfx942/RPBenchmark_tier1-SPX/MASSVEC3DPA_factor_3000-kernel-run-data.csv,HIP,RAJA_HIP-runtime_block_stride_loop_64
Apps_MASSVEC3DPA,RAJA_HIP,direct_64,31858560, PASSED     ,0.000288067,969.906,3179.58,build_lc_toss4-cray-mpich-9.0.1-amdclang-6.4.3-gfx942/RPBenchmark_tier1-SPX/MASSVEC3DPA_factor_3000-kernel-run-data.csv,HIP,RAJA_HIP-direct_64
Apps_MASSVEC3DPA,RAJA_HIP,cached_block_stride_loop_64,31858560, PASSED     ,0.000339646,822.616,2696.73,build_lc_toss4-cray-mpich-9.0.1-amdclang-6.4.3-gfx942/RPBenchmark_tier1-SPX/MASSVEC3DPA_factor_3000-kernel-run-data.csv,HIP,RAJA_HIP-cached_block_stride_loop_64
Apps_MASSVEC3DPA,Base_HIP,runtime_block_stride_loop_64,339840, PASSED     ,1.08843e-05,273.833,897.662,build_lc_toss4-cray-mpich-9.0.1-amdclang-6.4.3-gfx942/RPBenchmark_tier1-SPX/MASSVEC3DPA_factor_32-kernel-run-data.csv,HIP,Base_HIP-runtime_block_stride_loop_64
Apps_MASSVEC3DPA,Base_HIP,direct_64,339840, PASSED     ,7.22684e-06,412.417,1351.96,build_lc_toss4-cray-mpich-9.0.1-amdclang-6.4.3-gfx942/RPBenchmark_tier1-SPX/MASSVEC3DPA_factor_32-kernel-run-data.csv,HIP,Base_HIP-direct_64
Apps_MASSVEC3DPA,RAJA_HIP,runtime_block_stride_loop_64,339840, PASSED     ,1.27739e-05,233.325,764.873,build_lc_toss4-cray-mpich-9.0.1-amdclang-6.4.3-gfx942/RPBenchmark_tier1-SPX/MASSVEC3DPA_factor_32-kernel-run-data.csv,HIP,RAJA_HIP-runtime_block_stride_loop_64
Apps_MASSVEC3DPA,RAJA_HIP,direct_64,339840, PASSED     ,7.30164e-06,408.192,1338.11,build_lc_toss4-cray-mpich-9.0.1-amdclang-6.4.3-gfx942/RPBenchmark_tier1-SPX/MASSVEC3DPA_factor_32-kernel-run-data.csv,HIP,RAJA_HIP-direct_64
Apps_MASSVEC3DPA,RAJA_HIP,cached_block_stride_loop_64,339840, PASSED     ,9.96766e-06,299.014,980.21,build_lc_toss4-cray-mpich-9.0.1-amdclang-6.4.3-gfx942/RPBenchmark_tier1-SPX/MASSVEC3DPA_factor_32-kernel-run-data.csv,HIP,RAJA_HIP-cached_block_stride_loop_64
Apps_MASSVEC3DPA,Base_HIP,runtime_block_stride_loop_64,42624, PASSED     ,8.64206e-06,43.2651,141.8,build_lc_toss4-cray-mpich-9.0.1-amdclang-6.4.3-gfx942/RPBenchmark_tier1-SPX/MASSVEC3DPA_factor_4-kernel-run-data.csv,HIP,Base_HIP-runtime_block_stride_loop_64
Apps_MASSVEC3DPA,Base_HIP,direct_64,42624, PASSED     ,4.38662e-06,85.2365,279.359,build_lc_toss4-cray-mpich-9.0.1-amdclang-6.4.3-gfx942/RPBenchmark_tier1-SPX/MASSVEC3DPA_factor_4-kernel-run-data.csv,HIP,Base_HIP-direct_64
Apps_MASSVEC3DPA,RAJA_HIP,runtime_block_stride_loop_64,42624, PASSED     ,1.08007e-05,34.6182,113.46,build_lc_toss4-cray-mpich-9.0.1-amdclang-6.4.3-gfx942/RPBenchmark_tier1-SPX/MASSVEC3DPA_factor_4-kernel-run-data.csv,HIP,RAJA_HIP-runtime_block_stride_loop_64
Apps_MASSVEC3DPA,RAJA_HIP,direct_64,42624, PASSED     ,4.43282e-06,84.3481,276.447,build_lc_toss4-cray-mpich-9.0.1-amdclang-6.4.3-gfx942/RPBenchmark_tier1-SPX/MASSVEC3DPA_factor_4-kernel-run-data.csv,HIP,RAJA_HIP-direct_64
Apps_MASSVEC3DPA,RAJA_HIP,cached_block_stride_loop_64,42624, PASSED     ,8.06526e-06,46.3593,151.941,build_lc_toss4-cray-mpich-9.0.1-amdclang-6.4.3-gfx942/RPBenchmark_tier1-SPX/MASSVEC3DPA_factor_4-kernel-run-data.csv,HIP,RAJA_HIP-cached_block_stride_loop_64
Apps_MASSVEC3DPA,Base_HIP,runtime_block_stride_loop_64,42477888, PASSED     ,0.000472425,788.547,2585.04,build_lc_toss4-cray-mpich-9.0.1-amdclang-6.4.3-gfx942/RPBenchmark_tier1-SPX/MASSVEC3DPA_factor_4000-kernel-run-data.csv,HIP,Base_HIP-runtime_block_stride_loop_64
Apps_MASSVEC3DPA,Base_HIP,direct_64,42477888, PASSED     ,0.000381392,976.763,3202.06,build_lc_toss4-cray-mpich-9.0.1-amdclang-6.4.3-gfx942/RPBenchmark_tier1-SPX/MASSVEC3DPA_factor_4000-kernel-run-data.csv,HIP,Base_HIP-direct_64
Apps_MASSVEC3DPA,RAJA_HIP,runtime_block_stride_loop_64,42477888, PASSED     ,0.000745683,499.581,1637.75,build_lc_toss4-cray-mpich-9.0.1-amdclang-6.4.3-gfx942/RPBenchmark_tier1-SPX/MASSVEC3DPA_factor_4000-kernel-run-data.csv,HIP,RAJA_HIP-runtime_block_stride_loop_64
Apps_MASSVEC3DPA,RAJA_HIP,direct_64,42477888, PASSED     ,0.000383187,972.187,3187.06,build_lc_toss4-cray-mpich-9.0.1-amdclang-6.4.3-gfx942/RPBenchmark_tier1-SPX/MASSVEC3DPA_factor_4000-kernel-run-data.csv,HIP,RAJA_HIP-direct_64
Apps_MASSVEC3DPA,RAJA_HIP,cached_block_stride_loop_64,42477888, PASSED     ,0.000457512,814.25,2669.31,build_lc_toss4-cray-mpich-9.0.1-amdclang-6.4.3-gfx942/RPBenchmark_tier1-SPX/MASSVEC3DPA_factor_4000-kernel-run-data.csv,HIP,RAJA_HIP-cached_block_stride_loop_64
Apps_MASSVEC3DPA,Base_HIP,runtime_block_stride_loop_64,5437248, PASSED     ,6.16034e-05,774.057,2537.54,build_lc_toss4-cray-mpich-9.0.1-amdclang-6.4.3-gfx942/RPBenchmark_tier1-SPX/MASSVEC3DPA_factor_512-kernel-run-data.csv,HIP,Base_HIP-runtime_block_stride_loop_64
Apps_MASSVEC3DPA,Base_HIP,direct_64,5437248, PASSED     ,4.58391e-05,1040.26,3410.21,build_lc_toss4-cray-mpich-9.0.1-amdclang-6.4.3-gfx942/RPBenchmark_tier1-SPX/MASSVEC3DPA_factor_512-kernel-run-data.csv,HIP,Base_HIP-direct_64
Apps_MASSVEC3DPA,RAJA_HIP,runtime_block_stride_loop_64,5437248, PASSED     ,8.78054e-05,543.071,1780.31,build_lc_toss4-cray-mpich-9.0.1-amdclang-6.4.3-gfx942/RPBenchmark_tier1-SPX/MASSVEC3DPA_factor_512-kernel-run-data.csv,HIP,RAJA_HIP-runtime_block_stride_loop_64
Apps_MASSVEC3DPA,RAJA_HIP,direct_64,5437248, PASSED     ,4.62075e-05,1031.97,3383.02,build_lc_toss4-cray-mpich-9.0.1-amdclang-6.4.3-gfx942/RPBenchmark_tier1-SPX/MASSVEC3DPA_factor_512-kernel-run-data.csv,HIP,RAJA_HIP-direct_64
Apps_MASSVEC3DPA,RAJA_HIP,cached_block_stride_loop_64,5437248, PASSED     ,5.88668e-05,810.041,2655.5,build_lc_toss4-cray-mpich-9.0.1-amdclang-6.4.3-gfx942/RPBenchmark_tier1-SPX/MASSVEC3DPA_factor_512-kernel-run-data.csv,HIP,RAJA_HIP-cached_block_stride_loop_64
Apps_MASSVEC3DPA,Base_HIP,runtime_block_stride_loop_64,679680, PASSED     ,1.66217e-05,358.619,1175.62,build_lc_toss4-cray-mpich-9.0.1-amdclang-6.4.3-gfx942/RPBenchmark_tier1-SPX/MASSVEC3DPA_factor_64-kernel-run-data.csv,HIP,Base_HIP-runtime_block_stride_loop_64
Apps_MASSVEC3DPA,Base_HIP,direct_64,679680, PASSED     ,1.18823e-05,501.659,1644.53,build_lc_toss4-cray-mpich-9.0.1-amdclang-6.4.3-gfx942/RPBenchmark_tier1-SPX/MASSVEC3DPA_factor_64-kernel-run-data.csv,HIP,Base_HIP-direct_64
Apps_MASSVEC3DPA,RAJA_HIP,runtime_block_stride_loop_64,679680, PASSED     ,1.67581e-05,355.7,1166.05,build_lc_toss4-cray-mpich-9.0.1-amdclang-6.4.3-gfx942/RPBenchmark_tier1-SPX/MASSVEC3DPA_factor_64-kernel-run-data.csv,HIP,RAJA_HIP-runtime_block_stride_loop_64
Apps_MASSVEC3DPA,RAJA_HIP,direct_64,679680, PASSED     ,1.19377e-05,499.331,1636.9,build_lc_toss4-cray-mpich-9.0.1-amdclang-6.4.3-gfx942/RPBenchmark_tier1-SPX/MASSVEC3DPA_factor_64-kernel-run-data.csv,HIP,RAJA_HIP-direct_64
Apps_MASSVEC3DPA,RAJA_HIP,cached_block_stride_loop_64,679680, PASSED     ,1.35057e-05,441.359,1446.86,build_lc_toss4-cray-mpich-9.0.1-amdclang-6.4.3-gfx942/RPBenchmark_tier1-SPX/MASSVEC3DPA_factor_64-kernel-run-data.csv,HIP,RAJA_HIP-cached_block_stride_loop_64
Apps_NODAL_ACCUMULATION_3D,Base_HIP,block_256,2744, PASSED     ,2.90962e-06,31.3375,8.48771,build_lc_toss4-cray-mpich-9.0.1-amdclang-6.4.3-gfx942/RPBenchmark_tier1-SPX/NODAL_ACCUMULATION_3D_factor_1-kernel-run-data.csv,HIP,Base_HIP-block_256
Apps_NODAL_ACCUMULATION_3D,RAJA_HIP,block_256,2744, PASSED     ,2.40321e-06,37.941,10.2763,build_lc_toss4-cray-mpich-9.0.1-amdclang-6.4.3-gfx942/RPBenchmark_tier1-SPX/NODAL_ACCUMULATION_3D_factor_1-kernel-run-data.csv,HIP,RAJA_HIP-block_256
Apps_NODAL_ACCUMULATION_3D,Base_HIP,block_256,4096000, PASSED     ,0.000168253,732.359,219.098,build_lc_toss4-cray-mpich-9.0.1-amdclang-6.4.3-gfx942/RPBenchmark_tier1-SPX/NODAL_ACCUMULATION_3D_factor_1024-kernel-run-data.csv,HIP,Base_HIP-block_256
Apps_NODAL_ACCUMULATION_3D,RAJA_HIP,block_256,4096000, PASSED     ,0.000167342,736.347,220.291,build_lc_toss4-cray-mpich-9.0.1-amdclang-6.4.3-gfx942/RPBenchmark_tier1-SPX/NODAL_ACCUMULATION_3D_factor_1024-kernel-run-data.csv,HIP,RAJA_HIP-block_256
Apps_NODAL_ACCUMULATION_3D,Base_HIP,block_256,493039, PASSED     ,2.36184e-05,634.092,187.877,build_lc_toss4-cray-mpich-9.0.1-amdclang-6.4.3-gfx942/RPBenchmark_tier1-SPX/NODAL_ACCUMULATION_3D_factor_128-kernel-run-data.csv,HIP,Base_HIP-block_256
Apps_NODAL_ACCUMULATION_3D,RAJA_HIP,block_256,493039, PASSED     ,2.32323e-05,644.63,190.999,build_lc_toss4-cray-mpich-9.0.1-amdclang-6.4.3-gfx942/RPBenchmark_tier1-SPX/NODAL_ACCUMULATION_3D_factor_128-kernel-run-data.csv,HIP,RAJA_HIP-block_256
Apps_NODAL_ACCUMULATION_3D,Base_HIP,block_256,6028568, PASSED     ,0.000243327,744.488,222.98,build_lc_toss4-cray-mpich-9.0.1-amdclang-6.4.3-gfx942/RPBenchmark_tier1-SPX/NODAL_ACCUMULATION_3D_factor_1500-kernel-run-data.csv,HIP,Base_HIP-block_256
Apps_NODAL_ACCUMULATION_3D,RAJA_HIP,block_256,6028568, PASSED     ,0.000242729,746.322,223.529,build_lc_toss4-cray-mpich-9.0.1-amdclang-6.4.3-gfx942/RPBenchmark_tier1-SPX/NODAL_ACCUMULATION_3D_factor_1500-kernel-run-data.csv,HIP,RAJA_HIP-block_256
Apps_NODAL_ACCUMULATION_3D,Base_HIP,block_256,54872, PASSED     ,4.63612e-06,367.026,106.522,build_lc_toss4-cray-mpich-9.0.1-amdclang-6.4.3-gfx942/RPBenchmark_tier1-SPX/NODAL_ACCUMULATION_3D_factor_16-kernel-run-data.csv,HIP,Base_HIP-block_256
Apps_NODAL_ACCUMULATION_3D,RAJA_HIP,block_256,54872, PASSED     ,4.47852e-06,379.942,110.27,build_lc_toss4-cray-mpich-9.0.1-amdclang-6.4.3-gfx942/RPBenchmark_tier1-SPX/NODAL_ACCUMULATION_3D_factor_16-kernel-run-data.csv,HIP,RAJA_HIP-block_256
Apps_NODAL_ACCUMULATION_3D,Base_HIP,block_256,8242408, PASSED     ,0.000326464,758.051,227.228,build_lc_toss4-cray-mpich-9.0.1-amdclang-6.4.3-gfx942/RPBenchmark_tier1-SPX/NODAL_ACCUMULATION_3D_factor_2048-kernel-run-data.csv,HIP,Base_HIP-block_256
Apps_NODAL_ACCUMULATION_3D,RAJA_HIP,block_256,8242408, PASSED     ,0.000325693,759.844,227.766,build_lc_toss4-cray-mpich-9.0.1-amdclang-6.4.3-gfx942/RPBenchmark_tier1-SPX/NODAL_ACCUMULATION_3D_factor_2048-kernel-run-data.csv,HIP,RAJA_HIP-block_256
Apps_NODAL_ACCUMULATION_3D,Base_HIP,block_256,1000000, PASSED     ,4.40902e-05,686.18,204.127,build_lc_toss4-cray-mpich-9.0.1-amdclang-6.4.3-gfx942/RPBenchmark_tier1-SPX/NODAL_ACCUMULATION_3D_factor_256-kernel-run-data.csv,HIP,Base_HIP-block_256
Apps_NODAL_ACCUMULATION_3D,RAJA_HIP,block_256,1000000, PASSED     ,4.33747e-05,697.499,207.494,build_lc_toss4-cray-mpich-9.0.1-amdclang-6.4.3-gfx942/RPBenchmark_tier1-SPX/NODAL_ACCUMULATION_3D_factor_256-kernel-run-data.csv,HIP,RAJA_HIP-block_256
Apps_NODAL_ACCUMULATION_3D,Base_HIP,block_256,12167000, PASSED     ,0.00048134,758.258,227.496,build_lc_toss4-cray-mpich-9.0.1-amdclang-6.4.3-gfx942/RPBenchmark_tier1-SPX/NODAL_ACCUMULATION_3D_factor_3000-kernel-run-data.csv,HIP,Base_HIP-block_256
Apps_NODAL_ACCUMULATION_3D,RAJA_HIP,block_256,12167000, PASSED     ,0.000481665,757.747,227.343,build_lc_toss4-cray-mpich-9.0.1-amdclang-6.4.3-gfx942/RPBenchmark_tier1-SPX/NODAL_ACCUMULATION_3D_factor_3000-kernel-run-data.csv,HIP,RAJA_HIP-block_256
Apps_NODAL_ACCUMULATION_3D,Base_HIP,block_256,117649, PASSED     ,7.56644e-06,477.867,139.939,build_lc_toss4-cray-mpich-9.0.1-amdclang-6.4.3-gfx942/RPBenchmark_tier1-SPX/NODAL_ACCUMULATION_3D_factor_32-kernel-run-data.csv,HIP,Base_HIP-block_256
Apps_NODAL_ACCUMULATION_3D,RAJA_HIP,block_256,117649, PASSED     ,7.41603e-06,487.559,142.777,build_lc_toss4-cray-mpich-9.0.1-amdclang-6.4.3-gfx942/RPBenchmark_tier1-SPX/NODAL_ACCUMULATION_3D_factor_32-kernel-run-data.csv,HIP,RAJA_HIP-block_256
Apps_NODAL_ACCUMULATION_3D,Base_HIP,block_256,12167, PASSED     ,2.73141e-06,141.793,40.0903,build_lc_toss4-cray-mpich-9.0.1-amdclang-6.4.3-gfx942/RPBenchmark_tier1-SPX/NODAL_ACCUMULATION_3D_factor_4-kernel-run-data.csv,HIP,Base_HIP-block_256
Apps_NODAL_ACCUMULATION_3D,RAJA_HIP,block_256,12167, PASSED     ,2.58262e-06,149.962,42.4,build_lc_toss4-cray-mpich-9.0.1-amdclang-6.4.3-gfx942/RPBenchmark_tier1-SPX/NODAL_ACCUMULATION_3D_factor_4-kernel-run-data.csv,HIP,RAJA_HIP-block_256
Apps_NODAL_ACCUMULATION_3D,Base_HIP,block_256,16194277, PASSED     ,0.000624035,778.0,233.558,build_lc_toss4-cray-mpich-9.0.1-amdclang-6.4.3-gfx942/RPBenchmark_tier1-SPX/NODAL_ACCUMULATION_3D_factor_4000-kernel-run-data.csv,HIP,Base_HIP-block_256
Apps_NODAL_ACCUMULATION_3D,RAJA_HIP,block_256,16194277, PASSED     ,0.000623535,778.625,233.746,build_lc_toss4-cray-mpich-9.0.1-amdclang-6.4.3-gfx942/RPBenchmark_tier1-SPX/NODAL_ACCUMULATION_3D_factor_4000-kernel-run-data.csv,HIP,RAJA_HIP-block_256
Apps_NODAL_ACCUMULATION_3D,Base_HIP,block_256,2048383, PASSED     ,8.75305e-05,705.734,210.617,build_lc_toss4-cray-mpich-9.0.1-amdclang-6.4.3-gfx942/RPBenchmark_tier1-SPX/NODAL_ACCUMULATION_3D_factor_512-kernel-run-data.csv,HIP,Base_HIP-block_256
Apps_NODAL_ACCUMULATION_3D,RAJA_HIP,block_256,2048383, PASSED     ,8.7605e-05,705.134,210.438,build_lc_toss4-cray-mpich-9.0.1-amdclang-6.4.3-gfx942/RPBenchmark_tier1-SPX/NODAL_ACCUMULATION_3D_factor_512-kernel-run-data.csv,HIP,RAJA_HIP-block_256
Apps_NODAL_ACCUMULATION_3D,Base_HIP,block_256,238328, PASSED     ,1.24159e-05,586.134,172.759,build_lc_toss4-cray-mpich-9.0.1-amdclang-6.4.3-gfx942/RPBenchmark_tier1-SPX/NODAL_ACCUMULATION_3D_factor_64-kernel-run-data.csv,HIP,Base_HIP-block_256
Apps_NODAL_ACCUMULATION_3D,RAJA_HIP,block_256,238328, PASSED     ,1.20401e-05,604.428,178.151,build_lc_toss4-cray-mpich-9.0.1-amdclang-6.4.3-gfx942/RPBenchmark_tier1-SPX/NODAL_ACCUMULATION_3D_factor_64-kernel-run-data.csv,HIP,RAJA_HIP-block_256
Apps_VOL3D,Base_HIP,block_256,1331, PASSED     ,3.31861e-06,27.6034,62.766,build_lc_toss4-cray-mpich-9.0.1-amdclang-6.4.3-gfx942/RPBenchmark_tier1-SPX/VOL3D_factor_1-kernel-run-data.csv,HIP,Base_HIP-block_256
Apps_VOL3D,RAJA_HIP,block_256,1331, PASSED     ,2.87711e-06,31.8392,72.3976,build_lc_toss4-cray-mpich-9.0.1-amdclang-6.4.3-gfx942/RPBenchmark_tier1-SPX/VOL3D_factor_1-kernel-run-data.csv,HIP,RAJA_HIP-block_256
Apps_VOL3D,Base_HIP,block_256,2985984, PASSED     ,7.62809e-05,1255.77,3018.23,build_lc_toss4-cray-mpich-9.0.1-amdclang-6.4.3-gfx942/RPBenchmark_tier1-SPX/VOL3D_factor_1024-kernel-run-data.csv,HIP,Base_HIP-block_256
Apps_VOL3D,RAJA_HIP,block_256,2985984, PASSED     ,7.56416e-05,1266.38,3043.74,build_lc_toss4-cray-mpich-9.0.1-amdclang-6.4.3-gfx942/RPBenchmark_tier1-SPX/VOL3D_factor_1024-kernel-run-data.csv,HIP,RAJA_HIP-block_256
Apps_VOL3D,Base_HIP,block_256,343000, PASSED     ,9.59235e-06,1237.43,2958.27,build_lc_toss4-cray-mpich-9.0.1-amdclang-6.4.3-gfx942/RPBenchmark_tier1-SPX/VOL3D_factor_128-kernel-run-data.csv,HIP,Base_HIP-block_256
Apps_VOL3D,RAJA_HIP,block_256,343000, PASSED     ,9.61974e-06,1233.9,2949.85,build_lc_toss4-cray-mpich-9.0.1-amdclang-6.4.3-gfx942/RPBenchmark_tier1-SPX/VOL3D_factor_128-kernel-run-data.csv,HIP,RAJA_HIP-block_256
Apps_VOL3D,Base_HIP,block_256,4410944, PASSED     ,0.000115792,1211.26,2913.06,build_lc_toss4-cray-mpich-9.0.1-amdclang-6.4.3-gfx942/RPBenchmark_tier1-SPX/VOL3D_factor_1500-kernel-run-data.csv,HIP,Base_HIP-block_256
Apps_VOL3D,RAJA_HIP,block_256,4410944, PASSED     ,0.000115256,1216.89,2926.61,build_lc_toss4-cray-mpich-9.0.1-amdclang-6.4.3-gfx942/RPBenchmark_tier1-SPX/VOL3D_factor_1500-kernel-run-data.csv,HIP,RAJA_HIP-block_256
Apps_VOL3D,Base_HIP,block_256,35937, PASSED     ,3.15242e-06,462.236,1092.62,build_lc_toss4-cray-mpich-9.0.1-amdclang-6.4.3-gfx942/RPBenchmark_tier1-SPX/VOL3D_factor_16-kernel-run-data.csv,HIP,Base_HIP-block_256
Apps_VOL3D,RAJA_HIP,block_256,35937, PASSED     ,3.04502e-06,478.539,1131.16,build_lc_toss4-cray-mpich-9.0.1-amdclang-6.4.3-gfx942/RPBenchmark_tier1-SPX/VOL3D_factor_16-kernel-run-data.csv,HIP,RAJA_HIP-block_256
Apps_VOL3D,Base_HIP,block_256,6028568, PASSED     ,0.000151303,1258.92,3029.03,build_lc_toss4-cray-mpich-9.0.1-amdclang-6.4.3-gfx942/RPBenchmark_tier1-SPX/VOL3D_factor_2048-kernel-run-data.csv,HIP,Base_HIP-block_256
Apps_VOL3D,RAJA_HIP,block_256,6028568, PASSED     ,0.00015069,1264.04,3041.35,build_lc_toss4-cray-mpich-9.0.1-amdclang-6.4.3-gfx942/RPBenchmark_tier1-SPX/VOL3D_factor_2048-kernel-run-data.csv,HIP,RAJA_HIP-block_256
Apps_VOL3D,Base_HIP,block_256,704969, PASSED     ,2.0025e-05,1180.82,2829.2,build_lc_toss4-cray-mpich-9.0.1-amdclang-6.4.3-gfx942/RPBenchmark_tier1-SPX/VOL3D_factor_256-kernel-run-data.csv,HIP,Base_HIP-block_256
Apps_VOL3D,RAJA_HIP,block_256,704969, PASSED     ,1.99941e-05,1182.65,2833.57,build_lc_toss4-cray-mpich-9.0.1-amdclang-6.4.3-gfx942/RPBenchmark_tier1-SPX/VOL3D_factor_256-kernel-run-data.csv,HIP,RAJA_HIP-block_256
Apps_VOL3D,Base_HIP,block_256,8869743, PASSED     ,0.000201273,1382.67,3328.42,build_lc_toss4-cray-mpich-9.0.1-amdclang-6.4.3-gfx942/RPBenchmark_tier1-SPX/VOL3D_factor_3000-kernel-run-data.csv,HIP,Base_HIP-block_256
Apps_VOL3D,RAJA_HIP,block_256,8869743, PASSED     ,0.000201206,1383.14,3329.54,build_lc_toss4-cray-mpich-9.0.1-amdclang-6.4.3-gfx942/RPBenchmark_tier1-SPX/VOL3D_factor_3000-kernel-run-data.csv,HIP,RAJA_HIP-block_256
Apps_VOL3D,Base_HIP,block_256,79507, PASSED     ,4.00982e-06,750.679,1783.18,build_lc_toss4-cray-mpich-9.0.1-amdclang-6.4.3-gfx942/RPBenchmark_tier1-SPX/VOL3D_factor_32-kernel-run-data.csv,HIP,Base_HIP-block_256
Apps_VOL3D,RAJA_HIP,block_256,79507, PASSED     ,3.93242e-06,765.454,1818.28,build_lc_toss4-cray-mpich-9.0.1-amdclang-6.4.3-gfx942/RPBenchmark_tier1-SPX/VOL3D_factor_32-kernel-run-data.csv,HIP,RAJA_HIP-block_256
Apps_VOL3D,Base_HIP,block_256,8000, PASSED     ,3.44671e-06,113.035,263.667,build_lc_toss4-cray-mpich-9.0.1-amdclang-6.4.3-gfx942/RPBenchmark_tier1-SPX/VOL3D_factor_4-kernel-run-data.csv,HIP,Base_HIP-block_256
Apps_VOL3D,RAJA_HIP,block_256,8000, PASSED     ,2.92231e-06,133.319,310.981,build_lc_toss4-cray-mpich-9.0.1-amdclang-6.4.3-gfx942/RPBenchmark_tier1-SPX/VOL3D_factor_4-kernel-run-data.csv,HIP,RAJA_HIP-block_256
Apps_VOL3D,Base_HIP,block_256,12008989, PASSED     ,0.000365505,1025.84,2470.29,build_lc_toss4-cray-mpich-9.0.1-amdclang-6.4.3-gfx942/RPBenchmark_tier1-SPX/VOL3D_factor_4000-kernel-run-data.csv,HIP,Base_HIP-block_256
Apps_VOL3D,RAJA_HIP,block_256,12008989, PASSED     ,0.000364991,1027.28,2473.76,build_lc_toss4-cray-mpich-9.0.1-amdclang-6.4.3-gfx942/RPBenchmark_tier1-SPX/VOL3D_factor_4000-kernel-run-data.csv,HIP,RAJA_HIP-block_256
Apps_VOL3D,Base_HIP,block_256,1442897, PASSED     ,3.43488e-05,1374.64,3299.32,build_lc_toss4-cray-mpich-9.0.1-amdclang-6.4.3-gfx942/RPBenchmark_tier1-SPX/VOL3D_factor_512-kernel-run-data.csv,HIP,Base_HIP-block_256
Apps_VOL3D,RAJA_HIP,block_256,1442897, PASSED     ,3.32117e-05,1421.71,3412.29,build_lc_toss4-cray-mpich-9.0.1-amdclang-6.4.3-gfx942/RPBenchmark_tier1-SPX/VOL3D_factor_512-kernel-run-data.csv,HIP,RAJA_HIP-block_256
Apps_VOL3D,Base_HIP,block_256,166375, PASSED     ,5.76233e-06,1039.31,2477.71,build_lc_toss4-cray-mpich-9.0.1-amdclang-6.4.3-gfx942/RPBenchmark_tier1-SPX/VOL3D_factor_64-kernel-run-data.csv,HIP,Base_HIP-block_256
Apps_VOL3D,RAJA_HIP,block_256,166375, PASSED     ,5.70712e-06,1049.37,2501.68,build_lc_toss4-cray-mpich-9.0.1-amdclang-6.4.3-gfx942/RPBenchmark_tier1-SPX/VOL3D_factor_64-kernel-run-data.csv,HIP,RAJA_HIP-block_256
