Kernel,Variant,Tuning,Problem size,Checksum,Mean time per rep (sec.),Mean Bandwidth (GiB per sec.),Mean gFlops (gigaFLOP per sec.),__source_file__,Backend,Variant_Tuning,Smoothed Mean flops (gigaFLOP per sec.),Smoothed Bandwidth (GB per sec.)
Apps_DIFFUSION3DPA,Base_HIP,block_64,405, PASSED     ,3.47542e-06,15.0044,22.439,build_lc_toss4-cray-mpich-9.0.1-amdclang-6.4.3-gfx942/RPBenchmark_tier1-CPX/DIFFUSION3DPA_factor_1-kernel-run-data.csv,HIP,Base_HIP-block_64,84.3139,
Apps_DIFFUSION3DPA,RAJA_HIP,block_64,405, PASSED     ,3.04702e-06,17.114,25.5939,build_lc_toss4-cray-mpich-9.0.1-amdclang-6.4.3-gfx942/RPBenchmark_tier1-CPX/DIFFUSION3DPA_factor_1-kernel-run-data.csv,HIP,RAJA_HIP-block_64,94.9493,
Apps_DIFFUSION3DPA,Base_HIP,block_64,394524, PASSED     ,0.000153242,330.352,495.738,build_lc_toss4-cray-mpich-9.0.1-amdclang-6.4.3-gfx942/RPBenchmark_tier1-CPX/DIFFUSION3DPA_factor_1024-kernel-run-data.csv,HIP,Base_HIP-block_64,541.9135,
Apps_DIFFUSION3DPA,RAJA_HIP,block_64,394524, PASSED     ,0.000145663,347.54,521.531,build_lc_toss4-cray-mpich-9.0.1-amdclang-6.4.3-gfx942/RPBenchmark_tier1-CPX/DIFFUSION3DPA_factor_1024-kernel-run-data.csv,HIP,RAJA_HIP-block_64,566.046,
Apps_DIFFUSION3DPA,Base_HIP,block_64,49329, PASSED     ,1.74957e-05,361.796,542.91,build_lc_toss4-cray-mpich-9.0.1-amdclang-6.4.3-gfx942/RPBenchmark_tier1-CPX/DIFFUSION3DPA_factor_128-kernel-run-data.csv,HIP,Base_HIP-block_64,542.91,
Apps_DIFFUSION3DPA,RAJA_HIP,block_64,49329, PASSED     ,1.66713e-05,379.687,569.757,build_lc_toss4-cray-mpich-9.0.1-amdclang-6.4.3-gfx942/RPBenchmark_tier1-CPX/DIFFUSION3DPA_factor_128-kernel-run-data.csv,HIP,RAJA_HIP-block_64,569.757,
Apps_DIFFUSION3DPA,Base_HIP,block_64,577935, PASSED     ,0.000232935,318.365,477.751,build_lc_toss4-cray-mpich-9.0.1-amdclang-6.4.3-gfx942/RPBenchmark_tier1-CPX/DIFFUSION3DPA_factor_1500-kernel-run-data.csv,HIP,Base_HIP-block_64,495.738,
Apps_DIFFUSION3DPA,RAJA_HIP,block_64,577935, PASSED     ,0.00022366,331.566,497.561,build_lc_toss4-cray-mpich-9.0.1-amdclang-6.4.3-gfx942/RPBenchmark_tier1-CPX/DIFFUSION3DPA_factor_1500-kernel-run-data.csv,HIP,RAJA_HIP-block_64,521.531,
Apps_DIFFUSION3DPA,Base_HIP,block_64,6183, PASSED     ,4.69842e-06,168.898,253.398,build_lc_toss4-cray-mpich-9.0.1-amdclang-6.4.3-gfx942/RPBenchmark_tier1-CPX/DIFFUSION3DPA_factor_16-kernel-run-data.csv,HIP,Base_HIP-block_64,253.398,
Apps_DIFFUSION3DPA,RAJA_HIP,block_64,6183, PASSED     ,4.39162e-06,180.697,271.101,build_lc_toss4-cray-mpich-9.0.1-amdclang-6.4.3-gfx942/RPBenchmark_tier1-CPX/DIFFUSION3DPA_factor_16-kernel-run-data.csv,HIP,RAJA_HIP-block_64,271.101,
Apps_DIFFUSION3DPA,Base_HIP,block_64,98631, PASSED     ,3.22943e-05,391.897,588.089,build_lc_toss4-cray-mpich-9.0.1-amdclang-6.4.3-gfx942/RPBenchmark_tier1-CPX/DIFFUSION3DPA_factor_256-kernel-run-data.csv,HIP,Base_HIP-block_64,542.91,
Apps_DIFFUSION3DPA,RAJA_HIP,block_64,98631, PASSED     ,3.11057e-05,406.873,610.561,build_lc_toss4-cray-mpich-9.0.1-amdclang-6.4.3-gfx942/RPBenchmark_tier1-CPX/DIFFUSION3DPA_factor_256-kernel-run-data.csv,HIP,RAJA_HIP-block_64,569.757,
Apps_DIFFUSION3DPA,Base_HIP,block_64,12339, PASSED     ,6.81682e-06,232.288,348.541,build_lc_toss4-cray-mpich-9.0.1-amdclang-6.4.3-gfx942/RPBenchmark_tier1-CPX/DIFFUSION3DPA_factor_32-kernel-run-data.csv,HIP,Base_HIP-block_64,348.541,
Apps_DIFFUSION3DPA,RAJA_HIP,block_64,12339, PASSED     ,6.51482e-06,243.056,364.698,build_lc_toss4-cray-mpich-9.0.1-amdclang-6.4.3-gfx942/RPBenchmark_tier1-CPX/DIFFUSION3DPA_factor_32-kernel-run-data.csv,HIP,RAJA_HIP-block_64,364.698,
Apps_DIFFUSION3DPA,Base_HIP,block_64,1566, PASSED     ,3.57642e-06,56.2353,84.3139,build_lc_toss4-cray-mpich-9.0.1-amdclang-6.4.3-gfx942/RPBenchmark_tier1-CPX/DIFFUSION3DPA_factor_4-kernel-run-data.csv,HIP,Base_HIP-block_64,168.85595,
Apps_DIFFUSION3DPA,RAJA_HIP,block_64,1566, PASSED     ,3.17582e-06,63.3288,94.9493,build_lc_toss4-cray-mpich-9.0.1-amdclang-6.4.3-gfx942/RPBenchmark_tier1-CPX/DIFFUSION3DPA_factor_4-kernel-run-data.csv,HIP,RAJA_HIP-block_64,183.02515,
Apps_DIFFUSION3DPA,Base_HIP,block_64,197262, PASSED     ,6.06896e-05,417.072,625.872,build_lc_toss4-cray-mpich-9.0.1-amdclang-6.4.3-gfx942/RPBenchmark_tier1-CPX/DIFFUSION3DPA_factor_512-kernel-run-data.csv,HIP,Base_HIP-block_64,542.91,
Apps_DIFFUSION3DPA,RAJA_HIP,block_64,197262, PASSED     ,5.78716e-05,437.381,656.348,build_lc_toss4-cray-mpich-9.0.1-amdclang-6.4.3-gfx942/RPBenchmark_tier1-CPX/DIFFUSION3DPA_factor_512-kernel-run-data.csv,HIP,RAJA_HIP-block_64,569.757,
Apps_DIFFUSION3DPA,Base_HIP,block_64,24678, PASSED     ,9.57484e-06,330.737,496.289,build_lc_toss4-cray-mpich-9.0.1-amdclang-6.4.3-gfx942/RPBenchmark_tier1-CPX/DIFFUSION3DPA_factor_64-kernel-run-data.csv,HIP,Base_HIP-block_64,496.289,
Apps_DIFFUSION3DPA,RAJA_HIP,block_64,24678, PASSED     ,9.33624e-06,339.189,508.972,build_lc_toss4-cray-mpich-9.0.1-amdclang-6.4.3-gfx942/RPBenchmark_tier1-CPX/DIFFUSION3DPA_factor_64-kernel-run-data.csv,HIP,RAJA_HIP-block_64,508.972,
Apps_EDGE3D,Base_HIP,block_256,512, PASSED     ,2.57792e-05,1.7708,637.307,build_lc_toss4-cray-mpich-9.0.1-amdclang-6.4.3-gfx942/RPBenchmark_tier1-CPX/EDGE3D_factor_1-kernel-run-data.csv,HIP,Base_HIP-block_256,2624.7,
Apps_EDGE3D,RAJA_HIP,block_256,512, PASSED     ,2.39052e-05,1.90961,687.267,build_lc_toss4-cray-mpich-9.0.1-amdclang-6.4.3-gfx942/RPBenchmark_tier1-CPX/EDGE3D_factor_1-kernel-run-data.csv,HIP,RAJA_HIP-block_256,2861.66,
Apps_EDGE3D,Base_HIP,block_256,1442897, PASSED     ,0.00445004,10.6106,4109.69,build_lc_toss4-cray-mpich-9.0.1-amdclang-6.4.3-gfx942/RPBenchmark_tier1-CPX/EDGE3D_factor_1024-kernel-run-data.csv,HIP,Base_HIP-block_256,4084.5,
Apps_EDGE3D,RAJA_HIP,block_256,1442897, PASSED     ,0.00440531,10.7183,4151.42,build_lc_toss4-cray-mpich-9.0.1-amdclang-6.4.3-gfx942/RPBenchmark_tier1-CPX/EDGE3D_factor_1024-kernel-run-data.csv,HIP,RAJA_HIP-block_256,4127.71,
Apps_EDGE3D,Base_HIP,block_256,166375, PASSED     ,0.000600665,9.97038,3835.77,build_lc_toss4-cray-mpich-9.0.1-amdclang-6.4.3-gfx942/RPBenchmark_tier1-CPX/EDGE3D_factor_128-kernel-run-data.csv,HIP,Base_HIP-block_256,3856.42,
Apps_EDGE3D,RAJA_HIP,block_256,166375, PASSED     ,0.000595789,10.052,3867.16,build_lc_toss4-cray-mpich-9.0.1-amdclang-6.4.3-gfx942/RPBenchmark_tier1-CPX/EDGE3D_factor_128-kernel-run-data.csv,HIP,RAJA_HIP-block_256,3867.16,
Apps_EDGE3D,Base_HIP,block_256,2146689, PASSED     ,0.00653228,10.6318,4121.24,build_lc_toss4-cray-mpich-9.0.1-amdclang-6.4.3-gfx942/RPBenchmark_tier1-CPX/EDGE3D_factor_1500-kernel-run-data.csv,HIP,Base_HIP-block_256,4109.69,
Apps_EDGE3D,RAJA_HIP,block_256,2146689, PASSED     ,0.00641925,10.819,4193.81,build_lc_toss4-cray-mpich-9.0.1-amdclang-6.4.3-gfx942/RPBenchmark_tier1-CPX/EDGE3D_factor_1500-kernel-run-data.csv,HIP,RAJA_HIP-block_256,4151.42,
Apps_EDGE3D,Base_HIP,block_256,17576, PASSED     ,8.35776e-05,9.21276,3494.7,build_lc_toss4-cray-mpich-9.0.1-amdclang-6.4.3-gfx942/RPBenchmark_tier1-CPX/EDGE3D_factor_16-kernel-run-data.csv,HIP,Base_HIP-block_256,3494.7,
Apps_EDGE3D,RAJA_HIP,block_256,17576, PASSED     ,8.00425e-05,9.61964,3649.04,build_lc_toss4-cray-mpich-9.0.1-amdclang-6.4.3-gfx942/RPBenchmark_tier1-CPX/EDGE3D_factor_16-kernel-run-data.csv,HIP,RAJA_HIP-block_256,3649.04,
Apps_EDGE3D,Base_HIP,block_256,343000, PASSED     ,0.00115172,10.3061,3976.05,build_lc_toss4-cray-mpich-9.0.1-amdclang-6.4.3-gfx942/RPBenchmark_tier1-CPX/EDGE3D_factor_256-kernel-run-data.csv,HIP,Base_HIP-block_256,3976.05,
Apps_EDGE3D,RAJA_HIP,block_256,343000, PASSED     ,0.00114978,10.3235,3982.76,build_lc_toss4-cray-mpich-9.0.1-amdclang-6.4.3-gfx942/RPBenchmark_tier1-CPX/EDGE3D_factor_256-kernel-run-data.csv,HIP,RAJA_HIP-block_256,3982.76,
Apps_EDGE3D,Base_HIP,block_256,35937, PASSED     ,0.000146084,9.97483,3804.95,build_lc_toss4-cray-mpich-9.0.1-amdclang-6.4.3-gfx942/RPBenchmark_tier1-CPX/EDGE3D_factor_32-kernel-run-data.csv,HIP,Base_HIP-block_256,3804.95,
Apps_EDGE3D,RAJA_HIP,block_256,35937, PASSED     ,0.000144967,10.0517,3834.26,build_lc_toss4-cray-mpich-9.0.1-amdclang-6.4.3-gfx942/RPBenchmark_tier1-CPX/EDGE3D_factor_32-kernel-run-data.csv,HIP,RAJA_HIP-block_256,3827.66,
Apps_EDGE3D,Base_HIP,block_256,3375, PASSED     ,2.69901e-05,7.0478,2624.7,build_lc_toss4-cray-mpich-9.0.1-amdclang-6.4.3-gfx942/RPBenchmark_tier1-CPX/EDGE3D_factor_4-kernel-run-data.csv,HIP,Base_HIP-block_256,3059.7,
Apps_EDGE3D,RAJA_HIP,block_256,3375, PASSED     ,2.47552e-05,7.68407,2861.66,build_lc_toss4-cray-mpich-9.0.1-amdclang-6.4.3-gfx942/RPBenchmark_tier1-CPX/EDGE3D_factor_4-kernel-run-data.csv,HIP,RAJA_HIP-block_256,3255.35,
Apps_EDGE3D,Base_HIP,block_256,704969, PASSED     ,0.00225227,10.4988,4059.31,build_lc_toss4-cray-mpich-9.0.1-amdclang-6.4.3-gfx942/RPBenchmark_tier1-CPX/EDGE3D_factor_512-kernel-run-data.csv,HIP,Base_HIP-block_256,4059.31,
Apps_EDGE3D,RAJA_HIP,block_256,704969, PASSED     ,0.00222774,10.6143,4104.0,build_lc_toss4-cray-mpich-9.0.1-amdclang-6.4.3-gfx942/RPBenchmark_tier1-CPX/EDGE3D_factor_512-kernel-run-data.csv,HIP,RAJA_HIP-block_256,4104.0,
Apps_EDGE3D,Base_HIP,block_256,79507, PASSED     ,0.000299208,10.0602,3856.42,build_lc_toss4-cray-mpich-9.0.1-amdclang-6.4.3-gfx942/RPBenchmark_tier1-CPX/EDGE3D_factor_64-kernel-run-data.csv,HIP,Base_HIP-block_256,3835.77,
Apps_EDGE3D,RAJA_HIP,block_256,79507, PASSED     ,0.000301456,9.98516,3827.66,build_lc_toss4-cray-mpich-9.0.1-amdclang-6.4.3-gfx942/RPBenchmark_tier1-CPX/EDGE3D_factor_64-kernel-run-data.csv,HIP,RAJA_HIP-block_256,3834.26,
Apps_ENERGY,Base_HIP,block_256,417, PASSED     ,1.4321e-05,5.85756,1.6015,build_lc_toss4-cray-mpich-9.0.1-amdclang-6.4.3-gfx942/RPBenchmark_tier1-CPX/ENERGY_factor_1-kernel-run-data.csv,HIP,Base_HIP-block_256,6.39119,
Apps_ENERGY,RAJA_HIP,block_256,417, PASSED     ,8.89027e-06,9.43572,2.57979,build_lc_toss4-cray-mpich-9.0.1-amdclang-6.4.3-gfx942/RPBenchmark_tier1-CPX/ENERGY_factor_1-kernel-run-data.csv,HIP,RAJA_HIP-block_256,10.4341,
Apps_ENERGY,Base_HIP,block_256,426667, PASSED     ,0.000145139,591.37,161.684,build_lc_toss4-cray-mpich-9.0.1-amdclang-6.4.3-gfx942/RPBenchmark_tier1-CPX/ENERGY_factor_1024-kernel-run-data.csv,HIP,Base_HIP-block_256,157.635,
Apps_ENERGY,RAJA_HIP,block_256,426667, PASSED     ,0.000146537,585.726,160.141,build_lc_toss4-cray-mpich-9.0.1-amdclang-6.4.3-gfx942/RPBenchmark_tier1-CPX/ENERGY_factor_1024-kernel-run-data.csv,HIP,RAJA_HIP-block_256,157.149,
Apps_ENERGY,Base_HIP,block_256,53334, PASSED     ,1.36478e-05,786.135,214.934,build_lc_toss4-cray-mpich-9.0.1-amdclang-6.4.3-gfx942/RPBenchmark_tier1-CPX/ENERGY_factor_128-kernel-run-data.csv,HIP,Base_HIP-block_256,153.536,
Apps_ENERGY,RAJA_HIP,block_256,53334, PASSED     ,1.28385e-05,835.686,228.482,build_lc_toss4-cray-mpich-9.0.1-amdclang-6.4.3-gfx942/RPBenchmark_tier1-CPX/ENERGY_factor_128-kernel-run-data.csv,HIP,RAJA_HIP-block_256,154.157,
Apps_ENERGY,Base_HIP,block_256,625000, PASSED     ,0.000213466,588.985,161.032,build_lc_toss4-cray-mpich-9.0.1-amdclang-6.4.3-gfx942/RPBenchmark_tier1-CPX/ENERGY_factor_1500-kernel-run-data.csv,HIP,Base_HIP-block_256,161.032,
Apps_ENERGY,RAJA_HIP,block_256,625000, PASSED     ,0.00020976,599.393,163.878,build_lc_toss4-cray-mpich-9.0.1-amdclang-6.4.3-gfx942/RPBenchmark_tier1-CPX/ENERGY_factor_1500-kernel-run-data.csv,HIP,RAJA_HIP-block_256,160.141,
Apps_ENERGY,Base_HIP,block_256,6667, PASSED     ,1.37583e-05,97.481,26.6519,build_lc_toss4-cray-mpich-9.0.1-amdclang-6.4.3-gfx942/RPBenchmark_tier1-CPX/ENERGY_factor_16-kernel-run-data.csv,HIP,Base_HIP-block_256,26.6519,
Apps_ENERGY,RAJA_HIP,block_256,6667, PASSED     ,9.04358e-06,148.301,40.5464,build_lc_toss4-cray-mpich-9.0.1-amdclang-6.4.3-gfx942/RPBenchmark_tier1-CPX/ENERGY_factor_16-kernel-run-data.csv,HIP,RAJA_HIP-block_256,40.5464,
Apps_ENERGY,Base_HIP,block_256,106667, PASSED     ,3.82105e-05,561.567,153.536,build_lc_toss4-cray-mpich-9.0.1-amdclang-6.4.3-gfx942/RPBenchmark_tier1-CPX/ENERGY_factor_256-kernel-run-data.csv,HIP,Base_HIP-block_256,154.238,
Apps_ENERGY,RAJA_HIP,block_256,106667, PASSED     ,3.81135e-05,562.996,153.927,build_lc_toss4-cray-mpich-9.0.1-amdclang-6.4.3-gfx942/RPBenchmark_tier1-CPX/ENERGY_factor_256-kernel-run-data.csv,HIP,RAJA_HIP-block_256,158.146,
Apps_ENERGY,Base_HIP,block_256,13334, PASSED     ,1.34467e-05,199.48,54.5392,build_lc_toss4-cray-mpich-9.0.1-amdclang-6.4.3-gfx942/RPBenchmark_tier1-CPX/ENERGY_factor_32-kernel-run-data.csv,HIP,Base_HIP-block_256,54.5392,
Apps_ENERGY,RAJA_HIP,block_256,13334, PASSED     ,8.57034e-06,312.98,85.5707,build_lc_toss4-cray-mpich-9.0.1-amdclang-6.4.3-gfx942/RPBenchmark_tier1-CPX/ENERGY_factor_32-kernel-run-data.csv,HIP,RAJA_HIP-block_256,85.5707,
Apps_ENERGY,Base_HIP,block_256,1667, PASSED     ,1.43455e-05,23.3762,6.39119,build_lc_toss4-cray-mpich-9.0.1-amdclang-6.4.3-gfx942/RPBenchmark_tier1-CPX/ENERGY_factor_4-kernel-run-data.csv,HIP,Base_HIP-block_256,16.521545,
Apps_ENERGY,RAJA_HIP,block_256,1667, PASSED     ,8.78704e-06,38.1634,10.4341,build_lc_toss4-cray-mpich-9.0.1-amdclang-6.4.3-gfx942/RPBenchmark_tier1-CPX/ENERGY_factor_4-kernel-run-data.csv,HIP,RAJA_HIP-block_256,25.49025,
Apps_ENERGY,Base_HIP,block_256,213334, PASSED     ,7.6073e-05,564.135,154.238,build_lc_toss4-cray-mpich-9.0.1-amdclang-6.4.3-gfx942/RPBenchmark_tier1-CPX/ENERGY_factor_512-kernel-run-data.csv,HIP,Base_HIP-block_256,161.032,
Apps_ENERGY,RAJA_HIP,block_256,213334, PASSED     ,7.61132e-05,563.838,154.157,build_lc_toss4-cray-mpich-9.0.1-amdclang-6.4.3-gfx942/RPBenchmark_tier1-CPX/ENERGY_factor_512-kernel-run-data.csv,HIP,RAJA_HIP-block_256,160.141,
Apps_ENERGY,Base_HIP,block_256,26667, PASSED     ,1.33908e-05,400.611,109.53,build_lc_toss4-cray-mpich-9.0.1-amdclang-6.4.3-gfx942/RPBenchmark_tier1-CPX/ENERGY_factor_64-kernel-run-data.csv,HIP,Base_HIP-block_256,109.53,
Apps_ENERGY,RAJA_HIP,block_256,26667, PASSED     ,9.27427e-06,578.427,158.146,build_lc_toss4-cray-mpich-9.0.1-amdclang-6.4.3-gfx942/RPBenchmark_tier1-CPX/ENERGY_factor_64-kernel-run-data.csv,HIP,RAJA_HIP-block_256,153.927,
Apps_FEMSWEEP,Base_HIP,block_64,73728, PASSED     ,0.00011562,10.9264,64.5646,build_lc_toss4-cray-mpich-9.0.1-amdclang-6.4.3-gfx942/RPBenchmark_tier1-CPX/FEMSWEEP_factor_1-kernel-run-data.csv,HIP,Base_HIP-block_64,99.1616,
Apps_FEMSWEEP,RAJA_HIP,block_64,73728, PASSED     ,9.406e-05,13.4309,79.3638,build_lc_toss4-cray-mpich-9.0.1-amdclang-6.4.3-gfx942/RPBenchmark_tier1-CPX/FEMSWEEP_factor_1-kernel-run-data.csv,HIP,RAJA_HIP-block_64,108.051,
Apps_FEMSWEEP,Base_HIP,block_64,25288704, PASSED     ,0.0290564,18.5817,95.3946,build_lc_toss4-cray-mpich-9.0.1-amdclang-6.4.3-gfx942/RPBenchmark_tier1-CPX/FEMSWEEP_factor_1024-kernel-run-data.csv,HIP,Base_HIP-block_64,96.713,
Apps_FEMSWEEP,RAJA_HIP,block_64,25288704, PASSED     ,0.0272447,19.8173,101.738,build_lc_toss4-cray-mpich-9.0.1-amdclang-6.4.3-gfx942/RPBenchmark_tier1-CPX/FEMSWEEP_factor_1024-kernel-run-data.csv,HIP,RAJA_HIP-block_64,102.756,
Apps_FEMSWEEP,Base_HIP,block_64,4718592, PASSED     ,0.00527439,18.6258,97.1225,build_lc_toss4-cray-mpich-9.0.1-amdclang-6.4.3-gfx942/RPBenchmark_tier1-CPX/FEMSWEEP_factor_128-kernel-run-data.csv,HIP,Base_HIP-block_64,99.206,
Apps_FEMSWEEP,RAJA_HIP,block_64,4718592, PASSED     ,0.00465481,21.105,110.05,build_lc_toss4-cray-mpich-9.0.1-amdclang-6.4.3-gfx942/RPBenchmark_tier1-CPX/FEMSWEEP_factor_128-kernel-run-data.csv,HIP,RAJA_HIP-block_64,109.691,
Apps_FEMSWEEP,Base_HIP,block_64,37748736, PASSED     ,0.0439317,18.4214,94.3306,build_lc_toss4-cray-mpich-9.0.1-amdclang-6.4.3-gfx942/RPBenchmark_tier1-CPX/FEMSWEEP_factor_1500-kernel-run-data.csv,HIP,Base_HIP-block_64,95.3946,
Apps_FEMSWEEP,RAJA_HIP,block_64,37748736, PASSED     ,0.0419877,19.2743,98.6981,build_lc_toss4-cray-mpich-9.0.1-amdclang-6.4.3-gfx942/RPBenchmark_tier1-CPX/FEMSWEEP_factor_1500-kernel-run-data.csv,HIP,RAJA_HIP-block_64,101.738,
Apps_FEMSWEEP,Base_HIP,block_64,589824, PASSED     ,0.000631243,18.3008,99.1616,build_lc_toss4-cray-mpich-9.0.1-amdclang-6.4.3-gfx942/RPBenchmark_tier1-CPX/FEMSWEEP_factor_16-kernel-run-data.csv,HIP,Base_HIP-block_64,99.3394,
Apps_FEMSWEEP,RAJA_HIP,block_64,589824, PASSED     ,0.000574842,20.0964,108.891,build_lc_toss4-cray-mpich-9.0.1-amdclang-6.4.3-gfx942/RPBenchmark_tier1-CPX/FEMSWEEP_factor_16-kernel-run-data.csv,HIP,RAJA_HIP-block_64,108.891,
Apps_FEMSWEEP,Base_HIP,block_64,9216000, PASSED     ,0.0101305,19.1654,99.206,build_lc_toss4-cray-mpich-9.0.1-amdclang-6.4.3-gfx942/RPBenchmark_tier1-CPX/FEMSWEEP_factor_256-kernel-run-data.csv,HIP,Base_HIP-block_64,98.0314,
Apps_FEMSWEEP,RAJA_HIP,block_64,9216000, PASSED     ,0.00960687,20.21,104.613,build_lc_toss4-cray-mpich-9.0.1-amdclang-6.4.3-gfx942/RPBenchmark_tier1-CPX/FEMSWEEP_factor_256-kernel-run-data.csv,HIP,RAJA_HIP-block_64,104.613,
Apps_FEMSWEEP,Base_HIP,block_64,1990656, PASSED     ,0.00207191,19.6075,103.524,build_lc_toss4-cray-mpich-9.0.1-amdclang-6.4.3-gfx942/RPBenchmark_tier1-CPX/FEMSWEEP_factor_32-kernel-run-data.csv,HIP,Base_HIP-block_64,99.3394,
Apps_FEMSWEEP,RAJA_HIP,block_64,1990656, PASSED     ,0.00195543,20.7755,109.691,build_lc_toss4-cray-mpich-9.0.1-amdclang-6.4.3-gfx942/RPBenchmark_tier1-CPX/FEMSWEEP_factor_32-kernel-run-data.csv,HIP,RAJA_HIP-block_64,109.691,
Apps_FEMSWEEP,Base_HIP,block_64,589824, PASSED     ,0.000630113,18.3336,99.3394,build_lc_toss4-cray-mpich-9.0.1-amdclang-6.4.3-gfx942/RPBenchmark_tier1-CPX/FEMSWEEP_factor_4-kernel-run-data.csv,HIP,Base_HIP-block_64,99.3394,
Apps_FEMSWEEP,RAJA_HIP,block_64,589824, PASSED     ,0.000579312,19.9413,108.051,build_lc_toss4-cray-mpich-9.0.1-amdclang-6.4.3-gfx942/RPBenchmark_tier1-CPX/FEMSWEEP_factor_4-kernel-run-data.csv,HIP,RAJA_HIP-block_64,108.891,
Apps_FEMSWEEP,Base_HIP,block_64,15925248, PASSED     ,0.017768,19.0301,98.0314,build_lc_toss4-cray-mpich-9.0.1-amdclang-6.4.3-gfx942/RPBenchmark_tier1-CPX/FEMSWEEP_factor_512-kernel-run-data.csv,HIP,Base_HIP-block_64,97.1225,
Apps_FEMSWEEP,RAJA_HIP,block_64,15925248, PASSED     ,0.0167848,20.1448,103.774,build_lc_toss4-cray-mpich-9.0.1-amdclang-6.4.3-gfx942/RPBenchmark_tier1-CPX/FEMSWEEP_factor_512-kernel-run-data.csv,HIP,RAJA_HIP-block_64,103.774,
Apps_FEMSWEEP,Base_HIP,block_64,1990656, PASSED     ,0.00207971,19.5339,103.136,build_lc_toss4-cray-mpich-9.0.1-amdclang-6.4.3-gfx942/RPBenchmark_tier1-CPX/FEMSWEEP_factor_64-kernel-run-data.csv,HIP,Base_HIP-block_64,99.3394,
Apps_FEMSWEEP,RAJA_HIP,block_64,1990656, PASSED     ,0.00195442,20.7863,109.748,build_lc_toss4-cray-mpich-9.0.1-amdclang-6.4.3-gfx942/RPBenchmark_tier1-CPX/FEMSWEEP_factor_64-kernel-run-data.csv,HIP,RAJA_HIP-block_64,109.691,
Apps_INTSC_HEXRECT,Base_HIP,block_64,1728, PASSED     ,0.000277771,0.282524,22.3954,build_lc_toss4-cray-mpich-9.0.1-amdclang-6.4.3-gfx942/RPBenchmark_tier1-CPX/INTSC_HEXRECT_factor_1-kernel-run-data.csv,HIP,Base_HIP-block_64,70.2061,
Apps_INTSC_HEXRECT,RAJA_HIP,block_64,1728, PASSED     ,0.000262121,0.299392,23.7326,build_lc_toss4-cray-mpich-9.0.1-amdclang-6.4.3-gfx942/RPBenchmark_tier1-CPX/INTSC_HEXRECT_factor_1-kernel-run-data.csv,HIP,RAJA_HIP-block_64,74.745,
Apps_INTSC_HEXRECT,Base_HIP,block_64,1124864, PASSED     ,0.0263955,1.87238,153.416,build_lc_toss4-cray-mpich-9.0.1-amdclang-6.4.3-gfx942/RPBenchmark_tier1-CPX/INTSC_HEXRECT_factor_1024-kernel-run-data.csv,HIP,Base_HIP-block_64,152.90550000000002,
Apps_INTSC_HEXRECT,RAJA_HIP,block_64,1124864, PASSED     ,0.026446,1.86881,153.123,build_lc_toss4-cray-mpich-9.0.1-amdclang-6.4.3-gfx942/RPBenchmark_tier1-CPX/INTSC_HEXRECT_factor_1024-kernel-run-data.csv,HIP,RAJA_HIP-block_64,153.2955,
Apps_INTSC_HEXRECT,Base_HIP,block_64,140608, PASSED     ,0.0035243,1.75973,143.628,build_lc_toss4-cray-mpich-9.0.1-amdclang-6.4.3-gfx942/RPBenchmark_tier1-CPX/INTSC_HEXRECT_factor_128-kernel-run-data.csv,HIP,Base_HIP-block_64,143.628,
Apps_INTSC_HEXRECT,RAJA_HIP,block_64,140608, PASSED     ,0.0034399,1.8029,147.152,build_lc_toss4-cray-mpich-9.0.1-amdclang-6.4.3-gfx942/RPBenchmark_tier1-CPX/INTSC_HEXRECT_factor_128-kernel-run-data.csv,HIP,RAJA_HIP-block_64,147.152,
Apps_INTSC_HEXRECT,Base_HIP,block_64,1643032, PASSED     ,0.0384161,1.87829,153.97,build_lc_toss4-cray-mpich-9.0.1-amdclang-6.4.3-gfx942/RPBenchmark_tier1-CPX/INTSC_HEXRECT_factor_1500-kernel-run-data.csv,HIP,Base_HIP-block_64,153.416,
Apps_INTSC_HEXRECT,RAJA_HIP,block_64,1643032, PASSED     ,0.0382067,1.88858,154.813,build_lc_toss4-cray-mpich-9.0.1-amdclang-6.4.3-gfx942/RPBenchmark_tier1-CPX/INTSC_HEXRECT_factor_1500-kernel-run-data.csv,HIP,RAJA_HIP-block_64,153.468,
Apps_INTSC_HEXRECT,Base_HIP,block_64,17576, PASSED     ,0.000547102,1.42856,115.652,build_lc_toss4-cray-mpich-9.0.1-amdclang-6.4.3-gfx942/RPBenchmark_tier1-CPX/INTSC_HEXRECT_factor_16-kernel-run-data.csv,HIP,Base_HIP-block_64,115.652,
Apps_INTSC_HEXRECT,RAJA_HIP,block_64,17576, PASSED     ,0.000534742,1.46158,118.325,build_lc_toss4-cray-mpich-9.0.1-amdclang-6.4.3-gfx942/RPBenchmark_tier1-CPX/INTSC_HEXRECT_factor_16-kernel-run-data.csv,HIP,RAJA_HIP-block_64,118.325,
Apps_INTSC_HEXRECT,Base_HIP,block_64,287496, PASSED     ,0.00705209,1.79515,146.763,build_lc_toss4-cray-mpich-9.0.1-amdclang-6.4.3-gfx942/RPBenchmark_tier1-CPX/INTSC_HEXRECT_factor_256-kernel-run-data.csv,HIP,Base_HIP-block_64,146.763,
Apps_INTSC_HEXRECT,RAJA_HIP,block_64,287496, PASSED     ,0.00696327,1.81805,148.635,build_lc_toss4-cray-mpich-9.0.1-amdclang-6.4.3-gfx942/RPBenchmark_tier1-CPX/INTSC_HEXRECT_factor_256-kernel-run-data.csv,HIP,RAJA_HIP-block_64,148.635,
Apps_INTSC_HEXRECT,Base_HIP,block_64,39304, PASSED     ,0.00113758,1.53042,124.382,build_lc_toss4-cray-mpich-9.0.1-amdclang-6.4.3-gfx942/RPBenchmark_tier1-CPX/INTSC_HEXRECT_factor_32-kernel-run-data.csv,HIP,Base_HIP-block_64,124.382,
Apps_INTSC_HEXRECT,RAJA_HIP,block_64,39304, PASSED     ,0.00112608,1.54603,125.652,build_lc_toss4-cray-mpich-9.0.1-amdclang-6.4.3-gfx942/RPBenchmark_tier1-CPX/INTSC_HEXRECT_factor_32-kernel-run-data.csv,HIP,RAJA_HIP-block_64,125.652,
Apps_INTSC_HEXRECT,Base_HIP,block_64,5832, PASSED     ,0.000299051,0.873886,70.2061,build_lc_toss4-cray-mpich-9.0.1-amdclang-6.4.3-gfx942/RPBenchmark_tier1-CPX/INTSC_HEXRECT_factor_4-kernel-run-data.csv,HIP,Base_HIP-block_64,92.92905,
Apps_INTSC_HEXRECT,RAJA_HIP,block_64,5832, PASSED     ,0.000280891,0.930384,74.745,build_lc_toss4-cray-mpich-9.0.1-amdclang-6.4.3-gfx942/RPBenchmark_tier1-CPX/INTSC_HEXRECT_factor_4-kernel-run-data.csv,HIP,RAJA_HIP-block_64,96.535,
Apps_INTSC_HEXRECT,Base_HIP,block_64,551368, PASSED     ,0.0130249,1.86183,152.395,build_lc_toss4-cray-mpich-9.0.1-amdclang-6.4.3-gfx942/RPBenchmark_tier1-CPX/INTSC_HEXRECT_factor_512-kernel-run-data.csv,HIP,Base_HIP-block_64,152.395,
Apps_INTSC_HEXRECT,RAJA_HIP,block_64,551368, PASSED     ,0.0129338,1.87494,153.468,build_lc_toss4-cray-mpich-9.0.1-amdclang-6.4.3-gfx942/RPBenchmark_tier1-CPX/INTSC_HEXRECT_factor_512-kernel-run-data.csv,HIP,RAJA_HIP-block_64,153.123,
Apps_INTSC_HEXRECT,Base_HIP,block_64,74088, PASSED     ,0.0018957,1.72707,140.696,build_lc_toss4-cray-mpich-9.0.1-amdclang-6.4.3-gfx942/RPBenchmark_tier1-CPX/INTSC_HEXRECT_factor_64-kernel-run-data.csv,HIP,Base_HIP-block_64,140.696,
Apps_INTSC_HEXRECT,RAJA_HIP,block_64,74088, PASSED     ,0.0019166,1.70823,139.162,build_lc_toss4-cray-mpich-9.0.1-amdclang-6.4.3-gfx942/RPBenchmark_tier1-CPX/INTSC_HEXRECT_factor_64-kernel-run-data.csv,HIP,RAJA_HIP-block_64,139.162,
Apps_MASS3DEA,Base_HIP,compile_time_block_stride_loop_64,8192, PASSED     ,0.000214171,0.294376,0.267749,build_lc_toss4-cray-mpich-9.0.1-amdclang-6.4.3-gfx942/RPBenchmark_tier1-CPX/MASS3DEA_factor_1-kernel-run-data.csv,HIP,Base_HIP-compile_time_block_stride_loop_64,0.798103,
Apps_MASS3DEA,RAJA_HIP,compile_time_block_stride_loop_64,8192, PASSED     ,0.000388352,0.162345,0.14766,build_lc_toss4-cray-mpich-9.0.1-amdclang-6.4.3-gfx942/RPBenchmark_tier1-CPX/MASS3DEA_factor_1-kernel-run-data.csv,HIP,RAJA_HIP-compile_time_block_stride_loop_64,0.440529,
Apps_MASS3DEA,RAJA_HIP,cached_block_stride_loop_64,8192, PASSED     ,0.000247331,0.254909,0.231851,build_lc_toss4-cray-mpich-9.0.1-amdclang-6.4.3-gfx942/RPBenchmark_tier1-CPX/MASS3DEA_factor_1-kernel-run-data.csv,HIP,RAJA_HIP-cached_block_stride_loop_64,0.703317,
Apps_MASS3DEA,Base_HIP,compile_time_block_stride_loop_64,6213632, PASSED     ,0.00125572,37.9925,34.6377,build_lc_toss4-cray-mpich-9.0.1-amdclang-6.4.3-gfx942/RPBenchmark_tier1-CPX/MASS3DEA_factor_1024-kernel-run-data.csv,HIP,Base_HIP-compile_time_block_stride_loop_64,33.9118,
Apps_MASS3DEA,RAJA_HIP,compile_time_block_stride_loop_64,6213632, PASSED     ,0.00688125,6.93307,6.32086,build_lc_toss4-cray-mpich-9.0.1-amdclang-6.4.3-gfx942/RPBenchmark_tier1-CPX/MASS3DEA_factor_1024-kernel-run-data.csv,HIP,RAJA_HIP-compile_time_block_stride_loop_64,6.442679999999999,
Apps_MASS3DEA,RAJA_HIP,cached_block_stride_loop_64,6213632, PASSED     ,0.0010944,43.5928,39.7435,build_lc_toss4-cray-mpich-9.0.1-amdclang-6.4.3-gfx942/RPBenchmark_tier1-CPX/MASS3DEA_factor_1024-kernel-run-data.csv,HIP,RAJA_HIP-cached_block_stride_loop_64,37.418949999999995,
Apps_MASS3DEA,Base_HIP,compile_time_block_stride_loop_64,778240, PASSED     ,0.000242171,24.6745,22.4952,build_lc_toss4-cray-mpich-9.0.1-amdclang-6.4.3-gfx942/RPBenchmark_tier1-CPX/MASS3DEA_factor_128-kernel-run-data.csv,HIP,Base_HIP-compile_time_block_stride_loop_64,22.4952,
Apps_MASS3DEA,RAJA_HIP,compile_time_block_stride_loop_64,778240, PASSED     ,0.00114222,5.23145,4.7694,build_lc_toss4-cray-mpich-9.0.1-amdclang-6.4.3-gfx942/RPBenchmark_tier1-CPX/MASS3DEA_factor_128-kernel-run-data.csv,HIP,RAJA_HIP-compile_time_block_stride_loop_64,5.12075,
Apps_MASS3DEA,RAJA_HIP,cached_block_stride_loop_64,778240, PASSED     ,0.000280721,21.286,19.406,build_lc_toss4-cray-mpich-9.0.1-amdclang-6.4.3-gfx942/RPBenchmark_tier1-CPX/MASS3DEA_factor_128-kernel-run-data.csv,HIP,RAJA_HIP-cached_block_stride_loop_64,19.406,
Apps_MASS3DEA,Base_HIP,compile_time_block_stride_loop_64,9101312, PASSED     ,0.00169947,41.1186,37.4878,build_lc_toss4-cray-mpich-9.0.1-amdclang-6.4.3-gfx942/RPBenchmark_tier1-CPX/MASS3DEA_factor_1500-kernel-run-data.csv,HIP,Base_HIP-compile_time_block_stride_loop_64,34.6377,
Apps_MASS3DEA,RAJA_HIP,compile_time_block_stride_loop_64,9101312, PASSED     ,0.00970511,7.20029,6.5645,build_lc_toss4-cray-mpich-9.0.1-amdclang-6.4.3-gfx942/RPBenchmark_tier1-CPX/MASS3DEA_factor_1500-kernel-run-data.csv,HIP,RAJA_HIP-compile_time_block_stride_loop_64,6.5645,
Apps_MASS3DEA,RAJA_HIP,cached_block_stride_loop_64,9101312, PASSED     ,0.00164117,42.5792,38.8195,build_lc_toss4-cray-mpich-9.0.1-amdclang-6.4.3-gfx942/RPBenchmark_tier1-CPX/MASS3DEA_factor_1500-kernel-run-data.csv,HIP,RAJA_HIP-cached_block_stride_loop_64,38.8195,
Apps_MASS3DEA,Base_HIP,compile_time_block_stride_loop_64,98304, PASSED     ,0.00022108,3.4147,3.11257,build_lc_toss4-cray-mpich-9.0.1-amdclang-6.4.3-gfx942/RPBenchmark_tier1-CPX/MASS3DEA_factor_16-kernel-run-data.csv,HIP,Base_HIP-compile_time_block_stride_loop_64,3.11257,
Apps_MASS3DEA,RAJA_HIP,compile_time_block_stride_loop_64,98304, PASSED     ,0.000428922,1.76005,1.60432,build_lc_toss4-cray-mpich-9.0.1-amdclang-6.4.3-gfx942/RPBenchmark_tier1-CPX/MASS3DEA_factor_16-kernel-run-data.csv,HIP,RAJA_HIP-compile_time_block_stride_loop_64,1.60432,
Apps_MASS3DEA,RAJA_HIP,cached_block_stride_loop_64,98304, PASSED     ,0.000248531,3.03754,2.76878,build_lc_toss4-cray-mpich-9.0.1-amdclang-6.4.3-gfx942/RPBenchmark_tier1-CPX/MASS3DEA_factor_16-kernel-run-data.csv,HIP,RAJA_HIP-cached_block_stride_loop_64,2.76878,
Apps_MASS3DEA,Base_HIP,compile_time_block_stride_loop_64,1556480, PASSED     ,0.000451152,26.4894,24.1501,build_lc_toss4-cray-mpich-9.0.1-amdclang-6.4.3-gfx942/RPBenchmark_tier1-CPX/MASS3DEA_factor_256-kernel-run-data.csv,HIP,Base_HIP-compile_time_block_stride_loop_64,24.1501,
Apps_MASS3DEA,RAJA_HIP,compile_time_block_stride_loop_64,1556480, PASSED     ,0.00185748,6.43385,5.86568,build_lc_toss4-cray-mpich-9.0.1-amdclang-6.4.3-gfx942/RPBenchmark_tier1-CPX/MASS3DEA_factor_256-kernel-run-data.csv,HIP,RAJA_HIP-compile_time_block_stride_loop_64,5.86568,
Apps_MASS3DEA,RAJA_HIP,cached_block_stride_loop_64,1556480, PASSED     ,0.000435262,27.4564,25.0317,build_lc_toss4-cray-mpich-9.0.1-amdclang-6.4.3-gfx942/RPBenchmark_tier1-CPX/MASS3DEA_factor_256-kernel-run-data.csv,HIP,RAJA_HIP-cached_block_stride_loop_64,25.0317,
Apps_MASS3DEA,Base_HIP,compile_time_block_stride_loop_64,196608, PASSED     ,0.000220091,6.85942,6.25312,build_lc_toss4-cray-mpich-9.0.1-amdclang-6.4.3-gfx942/RPBenchmark_tier1-CPX/MASS3DEA_factor_32-kernel-run-data.csv,HIP,Base_HIP-compile_time_block_stride_loop_64,6.25312,
Apps_MASS3DEA,RAJA_HIP,compile_time_block_stride_loop_64,196608, PASSED     ,0.000474232,3.18346,2.90207,build_lc_toss4-cray-mpich-9.0.1-amdclang-6.4.3-gfx942/RPBenchmark_tier1-CPX/MASS3DEA_factor_32-kernel-run-data.csv,HIP,RAJA_HIP-compile_time_block_stride_loop_64,2.90207,
Apps_MASS3DEA,RAJA_HIP,cached_block_stride_loop_64,196608, PASSED     ,0.000250111,6.0361,5.50258,build_lc_toss4-cray-mpich-9.0.1-amdclang-6.4.3-gfx942/RPBenchmark_tier1-CPX/MASS3DEA_factor_32-kernel-run-data.csv,HIP,RAJA_HIP-cached_block_stride_loop_64,5.50258,
Apps_MASS3DEA,Base_HIP,compile_time_block_stride_loop_64,24576, PASSED     ,0.000215551,0.876092,0.798103,build_lc_toss4-cray-mpich-9.0.1-amdclang-6.4.3-gfx942/RPBenchmark_tier1-CPX/MASS3DEA_factor_4-kernel-run-data.csv,HIP,Base_HIP-compile_time_block_stride_loop_64,1.9553365,
Apps_MASS3DEA,RAJA_HIP,compile_time_block_stride_loop_64,24576, PASSED     ,0.000390512,0.483576,0.440529,build_lc_toss4-cray-mpich-9.0.1-amdclang-6.4.3-gfx942/RPBenchmark_tier1-CPX/MASS3DEA_factor_4-kernel-run-data.csv,HIP,RAJA_HIP-compile_time_block_stride_loop_64,1.0224245,
Apps_MASS3DEA,RAJA_HIP,cached_block_stride_loop_64,24576, PASSED     ,0.000244601,0.772043,0.703317,build_lc_toss4-cray-mpich-9.0.1-amdclang-6.4.3-gfx942/RPBenchmark_tier1-CPX/MASS3DEA_factor_4-kernel-run-data.csv,HIP,RAJA_HIP-cached_block_stride_loop_64,1.7360484999999999,
Apps_MASS3DEA,Base_HIP,compile_time_block_stride_loop_64,3108864, PASSED     ,0.000655762,36.4002,33.1859,build_lc_toss4-cray-mpich-9.0.1-amdclang-6.4.3-gfx942/RPBenchmark_tier1-CPX/MASS3DEA_factor_512-kernel-run-data.csv,HIP,Base_HIP-compile_time_block_stride_loop_64,33.1859,
Apps_MASS3DEA,RAJA_HIP,compile_time_block_stride_loop_64,3108864, PASSED     ,0.00325053,7.34337,6.69492,build_lc_toss4-cray-mpich-9.0.1-amdclang-6.4.3-gfx942/RPBenchmark_tier1-CPX/MASS3DEA_factor_512-kernel-run-data.csv,HIP,RAJA_HIP-compile_time_block_stride_loop_64,6.32086,
Apps_MASS3DEA,RAJA_HIP,cached_block_stride_loop_64,3108864, PASSED     ,0.000604192,39.5071,36.0184,build_lc_toss4-cray-mpich-9.0.1-amdclang-6.4.3-gfx942/RPBenchmark_tier1-CPX/MASS3DEA_factor_512-kernel-run-data.csv,HIP,RAJA_HIP-cached_block_stride_loop_64,36.0184,
Apps_MASS3DEA,Base_HIP,compile_time_block_stride_loop_64,389120, PASSED     ,0.00023264,12.843,11.7084,build_lc_toss4-cray-mpich-9.0.1-amdclang-6.4.3-gfx942/RPBenchmark_tier1-CPX/MASS3DEA_factor_64-kernel-run-data.csv,HIP,Base_HIP-compile_time_block_stride_loop_64,11.7084,
Apps_MASS3DEA,RAJA_HIP,compile_time_block_stride_loop_64,389120, PASSED     ,0.000531922,5.61698,5.12075,build_lc_toss4-cray-mpich-9.0.1-amdclang-6.4.3-gfx942/RPBenchmark_tier1-CPX/MASS3DEA_factor_64-kernel-run-data.csv,HIP,RAJA_HIP-compile_time_block_stride_loop_64,4.7694,
Apps_MASS3DEA,RAJA_HIP,cached_block_stride_loop_64,389120, PASSED     ,0.000254951,11.7191,10.6838,build_lc_toss4-cray-mpich-9.0.1-amdclang-6.4.3-gfx942/RPBenchmark_tier1-CPX/MASS3DEA_factor_64-kernel-run-data.csv,HIP,RAJA_HIP-cached_block_stride_loop_64,10.6838,
Apps_MASS3DPA_ATOMIC,Base_HIP,block_64,729, PASSED     ,2.9726e-06,20.109,40.1965,build_lc_toss4-cray-mpich-9.0.1-amdclang-6.4.3-gfx942/RPBenchmark_tier1-CPX/MASS3DPA_ATOMIC_factor_1-kernel-run-data.csv,HIP,Base_HIP-block_64,149.95,
Apps_MASS3DPA_ATOMIC,RAJA_HIP,block_64,729, PASSED     ,2.78802e-06,21.4403,42.8577,build_lc_toss4-cray-mpich-9.0.1-amdclang-6.4.3-gfx942/RPBenchmark_tier1-CPX/MASS3DPA_ATOMIC_factor_1-kernel-run-data.csv,HIP,RAJA_HIP-block_64,155.56,
Apps_MASS3DPA_ATOMIC,Base_HIP,block_64,531441, PASSED     ,0.000308458,179.184,387.372,build_lc_toss4-cray-mpich-9.0.1-amdclang-6.4.3-gfx942/RPBenchmark_tier1-CPX/MASS3DPA_ATOMIC_factor_1024-kernel-run-data.csv,HIP,Base_HIP-block_64,406.2255,
Apps_MASS3DPA_ATOMIC,RAJA_HIP,block_64,531441, PASSED     ,0.000306322,180.434,390.074,build_lc_toss4-cray-mpich-9.0.1-amdclang-6.4.3-gfx942/RPBenchmark_tier1-CPX/MASS3DPA_ATOMIC_factor_1024-kernel-run-data.csv,HIP,RAJA_HIP-block_64,402.97450000000003,
Apps_MASS3DPA_ATOMIC,Base_HIP,block_64,68921, PASSED     ,3.53557e-05,196.987,422.449,build_lc_toss4-cray-mpich-9.0.1-amdclang-6.4.3-gfx942/RPBenchmark_tier1-CPX/MASS3DPA_ATOMIC_factor_128-kernel-run-data.csv,HIP,Base_HIP-block_64,422.449,
Apps_MASS3DPA_ATOMIC,RAJA_HIP,block_64,68921, PASSED     ,3.55415e-05,195.957,420.241,build_lc_toss4-cray-mpich-9.0.1-amdclang-6.4.3-gfx942/RPBenchmark_tier1-CPX/MASS3DPA_ATOMIC_factor_128-kernel-run-data.csv,HIP,RAJA_HIP-block_64,420.241,
Apps_MASS3DPA_ATOMIC,Base_HIP,block_64,753571, PASSED     ,0.000431114,182.38,394.63,build_lc_toss4-cray-mpich-9.0.1-amdclang-6.4.3-gfx942/RPBenchmark_tier1-CPX/MASS3DPA_ATOMIC_factor_1500-kernel-run-data.csv,HIP,Base_HIP-block_64,394.63,
Apps_MASS3DPA_ATOMIC,RAJA_HIP,block_64,753571, PASSED     ,0.000434921,180.784,391.175,build_lc_toss4-cray-mpich-9.0.1-amdclang-6.4.3-gfx942/RPBenchmark_tier1-CPX/MASS3DPA_ATOMIC_factor_1500-kernel-run-data.csv,HIP,RAJA_HIP-block_64,391.175,
Apps_MASS3DPA_ATOMIC,Base_HIP,block_64,9261, PASSED     ,6.30122e-06,140.464,296.292,build_lc_toss4-cray-mpich-9.0.1-amdclang-6.4.3-gfx942/RPBenchmark_tier1-CPX/MASS3DPA_ATOMIC_factor_16-kernel-run-data.csv,HIP,Base_HIP-block_64,296.292,
Apps_MASS3DPA_ATOMIC,RAJA_HIP,block_64,9261, PASSED     ,6.01262e-06,147.206,310.514,build_lc_toss4-cray-mpich-9.0.1-amdclang-6.4.3-gfx942/RPBenchmark_tier1-CPX/MASS3DPA_ATOMIC_factor_16-kernel-run-data.csv,HIP,RAJA_HIP-block_64,310.514,
Apps_MASS3DPA_ATOMIC,Base_HIP,block_64,132651, PASSED     ,6.73081e-05,201.445,433.408,build_lc_toss4-cray-mpich-9.0.1-amdclang-6.4.3-gfx942/RPBenchmark_tier1-CPX/MASS3DPA_ATOMIC_factor_256-kernel-run-data.csv,HIP,Base_HIP-block_64,422.449,
Apps_MASS3DPA_ATOMIC,RAJA_HIP,block_64,132651, PASSED     ,6.84193e-05,198.173,426.369,build_lc_toss4-cray-mpich-9.0.1-amdclang-6.4.3-gfx942/RPBenchmark_tier1-CPX/MASS3DPA_ATOMIC_factor_256-kernel-run-data.csv,HIP,RAJA_HIP-block_64,420.241,
Apps_MASS3DPA_ATOMIC,Base_HIP,block_64,19683, PASSED     ,1.03446e-05,186.532,396.514,build_lc_toss4-cray-mpich-9.0.1-amdclang-6.4.3-gfx942/RPBenchmark_tier1-CPX/MASS3DPA_ATOMIC_factor_32-kernel-run-data.csv,HIP,Base_HIP-block_64,396.514,
Apps_MASS3DPA_ATOMIC,RAJA_HIP,block_64,19683, PASSED     ,1.04642e-05,184.4,391.983,build_lc_toss4-cray-mpich-9.0.1-amdclang-6.4.3-gfx942/RPBenchmark_tier1-CPX/MASS3DPA_ATOMIC_factor_32-kernel-run-data.csv,HIP,RAJA_HIP-block_64,391.983,
Apps_MASS3DPA_ATOMIC,Base_HIP,block_64,3375, PASSED     ,4.27062e-06,72.1398,149.95,build_lc_toss4-cray-mpich-9.0.1-amdclang-6.4.3-gfx942/RPBenchmark_tier1-CPX/MASS3DPA_ATOMIC_factor_4-kernel-run-data.csv,HIP,Base_HIP-block_64,223.12099999999998,
Apps_MASS3DPA_ATOMIC,RAJA_HIP,block_64,3375, PASSED     ,4.11662e-06,74.8385,155.56,build_lc_toss4-cray-mpich-9.0.1-amdclang-6.4.3-gfx942/RPBenchmark_tier1-CPX/MASS3DPA_ATOMIC_factor_4-kernel-run-data.csv,HIP,RAJA_HIP-block_64,233.037,
Apps_MASS3DPA_ATOMIC,Base_HIP,block_64,250047, PASSED     ,0.000133119,193.718,417.821,build_lc_toss4-cray-mpich-9.0.1-amdclang-6.4.3-gfx942/RPBenchmark_tier1-CPX/MASS3DPA_ATOMIC_factor_512-kernel-run-data.csv,HIP,Base_HIP-block_64,417.821,
Apps_MASS3DPA_ATOMIC,RAJA_HIP,block_64,250047, PASSED     ,0.000134097,192.305,414.774,build_lc_toss4-cray-mpich-9.0.1-amdclang-6.4.3-gfx942/RPBenchmark_tier1-CPX/MASS3DPA_ATOMIC_factor_512-kernel-run-data.csv,HIP,RAJA_HIP-block_64,414.774,
Apps_MASS3DPA_ATOMIC,Base_HIP,block_64,35937, PASSED     ,1.77211e-05,202.044,431.533,build_lc_toss4-cray-mpich-9.0.1-amdclang-6.4.3-gfx942/RPBenchmark_tier1-CPX/MASS3DPA_ATOMIC_factor_64-kernel-run-data.csv,HIP,Base_HIP-block_64,422.449,
Apps_MASS3DPA_ATOMIC,RAJA_HIP,block_64,35937, PASSED     ,1.77523e-05,201.689,430.775,build_lc_toss4-cray-mpich-9.0.1-amdclang-6.4.3-gfx942/RPBenchmark_tier1-CPX/MASS3DPA_ATOMIC_factor_64-kernel-run-data.csv,HIP,RAJA_HIP-block_64,420.241,
Apps_MASSVEC3DPA,Base_HIP,runtime_block_stride_loop_64,5376, PASSED     ,8.04884e-06,5.86876,19.2028,build_lc_toss4-cray-mpich-9.0.1-amdclang-6.4.3-gfx942/RPBenchmark_tier1-CPX/MASSVEC3DPA_factor_1-kernel-run-data.csv,HIP,Base_HIP-runtime_block_stride_loop_64,72.3824,
Apps_MASSVEC3DPA,Base_HIP,direct_64,5376, PASSED     ,3.76362e-06,12.5509,41.0668,build_lc_toss4-cray-mpich-9.0.1-amdclang-6.4.3-gfx942/RPBenchmark_tier1-CPX/MASSVEC3DPA_factor_1-kernel-run-data.csv,HIP,Base_HIP-direct_64,148.444,
Apps_MASSVEC3DPA,RAJA_HIP,runtime_block_stride_loop_64,5376, PASSED     ,1.0242e-05,4.61205,15.0908,build_lc_toss4-cray-mpich-9.0.1-amdclang-6.4.3-gfx942/RPBenchmark_tier1-CPX/MASSVEC3DPA_factor_1-kernel-run-data.csv,HIP,RAJA_HIP-runtime_block_stride_loop_64,56.8299,
Apps_MASSVEC3DPA,RAJA_HIP,direct_64,5376, PASSED     ,3.86942e-06,12.2077,39.944,build_lc_toss4-cray-mpich-9.0.1-amdclang-6.4.3-gfx942/RPBenchmark_tier1-CPX/MASSVEC3DPA_factor_1-kernel-run-data.csv,HIP,RAJA_HIP-direct_64,141.199,
Apps_MASSVEC3DPA,RAJA_HIP,cached_block_stride_loop_64,5376, PASSED     ,7.47402e-06,6.32012,20.6796,build_lc_toss4-cray-mpich-9.0.1-amdclang-6.4.3-gfx942/RPBenchmark_tier1-CPX/MASSVEC3DPA_factor_1-kernel-run-data.csv,HIP,RAJA_HIP-cached_block_stride_loop_64,78.4651,
Apps_MASSVEC3DPA,Base_HIP,runtime_block_stride_loop_64,5437248, PASSED     ,0.000372339,128.068,419.835,build_lc_toss4-cray-mpich-9.0.1-amdclang-6.4.3-gfx942/RPBenchmark_tier1-CPX/MASSVEC3DPA_factor_1024-kernel-run-data.csv,HIP,Base_HIP-runtime_block_stride_loop_64,421.046,
Apps_MASSVEC3DPA,Base_HIP,direct_64,5437248, PASSED     ,0.000293391,162.529,532.807,build_lc_toss4-cray-mpich-9.0.1-amdclang-6.4.3-gfx942/RPBenchmark_tier1-CPX/MASSVEC3DPA_factor_1024-kernel-run-data.csv,HIP,Base_HIP-direct_64,541.4245000000001,
Apps_MASSVEC3DPA,RAJA_HIP,runtime_block_stride_loop_64,5437248, PASSED     ,0.000566476,84.1774,275.953,build_lc_toss4-cray-mpich-9.0.1-amdclang-6.4.3-gfx942/RPBenchmark_tier1-CPX/MASSVEC3DPA_factor_1024-kernel-run-data.csv,HIP,RAJA_HIP-runtime_block_stride_loop_64,286.431,
Apps_MASSVEC3DPA,RAJA_HIP,direct_64,5437248, PASSED     ,0.000295233,161.515,529.483,build_lc_toss4-cray-mpich-9.0.1-amdclang-6.4.3-gfx942/RPBenchmark_tier1-CPX/MASSVEC3DPA_factor_1024-kernel-run-data.csv,HIP,RAJA_HIP-direct_64,542.586,
Apps_MASSVEC3DPA,RAJA_HIP,cached_block_stride_loop_64,5437248, PASSED     ,0.000359153,132.769,435.249,build_lc_toss4-cray-mpich-9.0.1-amdclang-6.4.3-gfx942/RPBenchmark_tier1-CPX/MASSVEC3DPA_factor_1024-kernel-run-data.csv,HIP,RAJA_HIP-cached_block_stride_loop_64,433.49300000000005,
Apps_MASSVEC3DPA,Base_HIP,runtime_block_stride_loop_64,679680, PASSED     ,4.675e-05,127.505,417.985,build_lc_toss4-cray-mpich-9.0.1-amdclang-6.4.3-gfx942/RPBenchmark_tier1-CPX/MASSVEC3DPA_factor_128-kernel-run-data.csv,HIP,Base_HIP-runtime_block_stride_loop_64,420.152,
Apps_MASSVEC3DPA,Base_HIP,direct_64,679680, PASSED     ,3.35433e-05,177.706,582.554,build_lc_toss4-cray-mpich-9.0.1-amdclang-6.4.3-gfx942/RPBenchmark_tier1-CPX/MASSVEC3DPA_factor_128-kernel-run-data.csv,HIP,Base_HIP-direct_64,568.593,
Apps_MASSVEC3DPA,RAJA_HIP,runtime_block_stride_loop_64,679680, PASSED     ,6.51274e-05,91.526,300.04,build_lc_toss4-cray-mpich-9.0.1-amdclang-6.4.3-gfx942/RPBenchmark_tier1-CPX/MASSVEC3DPA_factor_128-kernel-run-data.csv,HIP,RAJA_HIP-runtime_block_stride_loop_64,304.612,
Apps_MASSVEC3DPA,RAJA_HIP,direct_64,679680, PASSED     ,3.41621e-05,174.487,572.002,build_lc_toss4-cray-mpich-9.0.1-amdclang-6.4.3-gfx942/RPBenchmark_tier1-CPX/MASSVEC3DPA_factor_128-kernel-run-data.csv,HIP,RAJA_HIP-direct_64,565.762,
Apps_MASSVEC3DPA,RAJA_HIP,cached_block_stride_loop_64,679680, PASSED     ,4.51252e-05,132.096,433.036,build_lc_toss4-cray-mpich-9.0.1-amdclang-6.4.3-gfx942/RPBenchmark_tier1-CPX/MASSVEC3DPA_factor_128-kernel-run-data.csv,HIP,RAJA_HIP-cached_block_stride_loop_64,431.737,
Apps_MASSVEC3DPA,Base_HIP,runtime_block_stride_loop_64,7964736, PASSED     ,0.000542699,128.709,421.94,build_lc_toss4-cray-mpich-9.0.1-amdclang-6.4.3-gfx942/RPBenchmark_tier1-CPX/MASSVEC3DPA_factor_1500-kernel-run-data.csv,HIP,Base_HIP-runtime_block_stride_loop_64,421.94,
Apps_MASSVEC3DPA,Base_HIP,direct_64,7964736, PASSED     ,0.000425822,164.037,537.75,build_lc_toss4-cray-mpich-9.0.1-amdclang-6.4.3-gfx942/RPBenchmark_tier1-CPX/MASSVEC3DPA_factor_1500-kernel-run-data.csv,HIP,Base_HIP-direct_64,537.75,
Apps_MASSVEC3DPA,RAJA_HIP,runtime_block_stride_loop_64,7964736, PASSED     ,0.000840758,83.0803,272.357,build_lc_toss4-cray-mpich-9.0.1-amdclang-6.4.3-gfx942/RPBenchmark_tier1-CPX/MASSVEC3DPA_factor_1500-kernel-run-data.csv,HIP,RAJA_HIP-runtime_block_stride_loop_64,275.953,
Apps_MASSVEC3DPA,RAJA_HIP,direct_64,7964736, PASSED     ,0.000422932,165.158,541.425,build_lc_toss4-cray-mpich-9.0.1-amdclang-6.4.3-gfx942/RPBenchmark_tier1-CPX/MASSVEC3DPA_factor_1500-kernel-run-data.csv,HIP,RAJA_HIP-direct_64,541.425,
Apps_MASSVEC3DPA,RAJA_HIP,cached_block_stride_loop_64,7964736, PASSED     ,0.000525685,132.875,435.596,build_lc_toss4-cray-mpich-9.0.1-amdclang-6.4.3-gfx942/RPBenchmark_tier1-CPX/MASSVEC3DPA_factor_1500-kernel-run-data.csv,HIP,RAJA_HIP-cached_block_stride_loop_64,435.249,
Apps_MASSVEC3DPA,Base_HIP,runtime_block_stride_loop_64,85056, PASSED     ,1.23997e-05,60.1651,197.212,build_lc_toss4-cray-mpich-9.0.1-amdclang-6.4.3-gfx942/RPBenchmark_tier1-CPX/MASSVEC3DPA_factor_16-kernel-run-data.csv,HIP,Base_HIP-runtime_block_stride_loop_64,197.212,
Apps_MASSVEC3DPA,Base_HIP,direct_64,85056, PASSED     ,8.57522e-06,86.998,285.166,build_lc_toss4-cray-mpich-9.0.1-amdclang-6.4.3-gfx942/RPBenchmark_tier1-CPX/MASSVEC3DPA_factor_16-kernel-run-data.csv,HIP,Base_HIP-direct_64,285.166,
Apps_MASSVEC3DPA,RAJA_HIP,runtime_block_stride_loop_64,85056, PASSED     ,1.3901e-05,53.667,175.912,build_lc_toss4-cray-mpich-9.0.1-amdclang-6.4.3-gfx942/RPBenchmark_tier1-CPX/MASSVEC3DPA_factor_16-kernel-run-data.csv,HIP,RAJA_HIP-runtime_block_stride_loop_64,175.912,
Apps_MASSVEC3DPA,RAJA_HIP,direct_64,85056, PASSED     ,8.68102e-06,85.9377,281.69,build_lc_toss4-cray-mpich-9.0.1-amdclang-6.4.3-gfx942/RPBenchmark_tier1-CPX/MASSVEC3DPA_factor_16-kernel-run-data.csv,HIP,RAJA_HIP-direct_64,281.69,
Apps_MASSVEC3DPA,RAJA_HIP,cached_block_stride_loop_64,85056, PASSED     ,1.09554e-05,68.0965,223.21,build_lc_toss4-cray-mpich-9.0.1-amdclang-6.4.3-gfx942/RPBenchmark_tier1-CPX/MASSVEC3DPA_factor_16-kernel-run-data.csv,HIP,RAJA_HIP-cached_block_stride_loop_64,223.21,
Apps_MASSVEC3DPA,Base_HIP,runtime_block_stride_loop_64,1359360, PASSED     ,9.30177e-05,128.165,420.152,build_lc_toss4-cray-mpich-9.0.1-amdclang-6.4.3-gfx942/RPBenchmark_tier1-CPX/MASSVEC3DPA_factor_256-kernel-run-data.csv,HIP,Base_HIP-runtime_block_stride_loop_64,420.152,
Apps_MASSVEC3DPA,Base_HIP,direct_64,1359360, PASSED     ,6.72754e-05,177.206,580.919,build_lc_toss4-cray-mpich-9.0.1-amdclang-6.4.3-gfx942/RPBenchmark_tier1-CPX/MASSVEC3DPA_factor_256-kernel-run-data.csv,HIP,Base_HIP-direct_64,568.593,
Apps_MASSVEC3DPA,RAJA_HIP,runtime_block_stride_loop_64,1359360, PASSED     ,0.0001283,92.9201,304.612,build_lc_toss4-cray-mpich-9.0.1-amdclang-6.4.3-gfx942/RPBenchmark_tier1-CPX/MASSVEC3DPA_factor_256-kernel-run-data.csv,HIP,RAJA_HIP-runtime_block_stride_loop_64,300.04,
Apps_MASSVEC3DPA,RAJA_HIP,direct_64,1359360, PASSED     ,6.90779e-05,172.582,565.762,build_lc_toss4-cray-mpich-9.0.1-amdclang-6.4.3-gfx942/RPBenchmark_tier1-CPX/MASSVEC3DPA_factor_256-kernel-run-data.csv,HIP,RAJA_HIP-direct_64,565.762,
Apps_MASSVEC3DPA,RAJA_HIP,cached_block_stride_loop_64,1359360, PASSED     ,9.13631e-05,130.486,427.761,build_lc_toss4-cray-mpich-9.0.1-amdclang-6.4.3-gfx942/RPBenchmark_tier1-CPX/MASSVEC3DPA_factor_256-kernel-run-data.csv,HIP,RAJA_HIP-cached_block_stride_loop_64,433.036,
Apps_MASSVEC3DPA,Base_HIP,runtime_block_stride_loop_64,169920, PASSED     ,1.55153e-05,96.0525,314.864,build_lc_toss4-cray-mpich-9.0.1-amdclang-6.4.3-gfx942/RPBenchmark_tier1-CPX/MASSVEC3DPA_factor_32-kernel-run-data.csv,HIP,Base_HIP-runtime_block_stride_loop_64,314.864,
Apps_MASSVEC3DPA,Base_HIP,direct_64,169920, PASSED     ,1.1287e-05,132.035,432.815,build_lc_toss4-cray-mpich-9.0.1-amdclang-6.4.3-gfx942/RPBenchmark_tier1-CPX/MASSVEC3DPA_factor_32-kernel-run-data.csv,HIP,Base_HIP-direct_64,432.815,
Apps_MASSVEC3DPA,RAJA_HIP,runtime_block_stride_loop_64,169920, PASSED     ,1.58529e-05,94.007,308.159,build_lc_toss4-cray-mpich-9.0.1-amdclang-6.4.3-gfx942/RPBenchmark_tier1-CPX/MASSVEC3DPA_factor_32-kernel-run-data.csv,HIP,RAJA_HIP-runtime_block_stride_loop_64,300.04,
Apps_MASSVEC3DPA,RAJA_HIP,direct_64,169920, PASSED     ,1.13448e-05,131.362,430.61,build_lc_toss4-cray-mpich-9.0.1-amdclang-6.4.3-gfx942/RPBenchmark_tier1-CPX/MASSVEC3DPA_factor_32-kernel-run-data.csv,HIP,RAJA_HIP-direct_64,430.61,
Apps_MASSVEC3DPA,RAJA_HIP,cached_block_stride_loop_64,169920, PASSED     ,1.28156e-05,116.286,381.19,build_lc_toss4-cray-mpich-9.0.1-amdclang-6.4.3-gfx942/RPBenchmark_tier1-CPX/MASSVEC3DPA_factor_32-kernel-run-data.csv,HIP,RAJA_HIP-cached_block_stride_loop_64,381.19,
Apps_MASSVEC3DPA,Base_HIP,runtime_block_stride_loop_64,21312, PASSED     ,8.46504e-06,22.0902,72.3824,build_lc_toss4-cray-mpich-9.0.1-amdclang-6.4.3-gfx942/RPBenchmark_tier1-CPX/MASSVEC3DPA_factor_4-kernel-run-data.csv,HIP,Base_HIP-runtime_block_stride_loop_64,134.7972,
Apps_MASSVEC3DPA,Base_HIP,direct_64,21312, PASSED     ,4.12762e-06,45.3033,148.444,build_lc_toss4-cray-mpich-9.0.1-amdclang-6.4.3-gfx942/RPBenchmark_tier1-CPX/MASSVEC3DPA_factor_4-kernel-run-data.csv,HIP,Base_HIP-direct_64,216.805,
Apps_MASSVEC3DPA,RAJA_HIP,runtime_block_stride_loop_64,21312, PASSED     ,1.07816e-05,17.3438,56.8299,build_lc_toss4-cray-mpich-9.0.1-amdclang-6.4.3-gfx942/RPBenchmark_tier1-CPX/MASSVEC3DPA_factor_4-kernel-run-data.csv,HIP,RAJA_HIP-runtime_block_stride_loop_64,116.37095000000001,
Apps_MASSVEC3DPA,RAJA_HIP,direct_64,21312, PASSED     ,4.33942e-06,43.0921,141.199,build_lc_toss4-cray-mpich-9.0.1-amdclang-6.4.3-gfx942/RPBenchmark_tier1-CPX/MASSVEC3DPA_factor_4-kernel-run-data.csv,HIP,RAJA_HIP-direct_64,211.4445,
Apps_MASSVEC3DPA,RAJA_HIP,cached_block_stride_loop_64,21312, PASSED     ,7.80882e-06,23.9466,78.4651,build_lc_toss4-cray-mpich-9.0.1-amdclang-6.4.3-gfx942/RPBenchmark_tier1-CPX/MASSVEC3DPA_factor_4-kernel-run-data.csv,HIP,RAJA_HIP-cached_block_stride_loop_64,150.83755000000002,
Apps_MASSVEC3DPA,Base_HIP,runtime_block_stride_loop_64,2718720, PASSED     ,0.000185009,128.875,422.482,build_lc_toss4-cray-mpich-9.0.1-amdclang-6.4.3-gfx942/RPBenchmark_tier1-CPX/MASSVEC3DPA_factor_512-kernel-run-data.csv,HIP,Base_HIP-runtime_block_stride_loop_64,420.152,
Apps_MASSVEC3DPA,Base_HIP,direct_64,2718720, PASSED     ,0.000143393,166.279,545.099,build_lc_toss4-cray-mpich-9.0.1-amdclang-6.4.3-gfx942/RPBenchmark_tier1-CPX/MASSVEC3DPA_factor_512-kernel-run-data.csv,HIP,Base_HIP-direct_64,545.099,
Apps_MASSVEC3DPA,RAJA_HIP,runtime_block_stride_loop_64,2718720, PASSED     ,0.000263256,90.5701,296.909,build_lc_toss4-cray-mpich-9.0.1-amdclang-6.4.3-gfx942/RPBenchmark_tier1-CPX/MASSVEC3DPA_factor_512-kernel-run-data.csv,HIP,RAJA_HIP-runtime_block_stride_loop_64,296.909,
Apps_MASSVEC3DPA,RAJA_HIP,direct_64,2718720, PASSED     ,0.000143749,165.866,543.747,build_lc_toss4-cray-mpich-9.0.1-amdclang-6.4.3-gfx942/RPBenchmark_tier1-CPX/MASSVEC3DPA_factor_512-kernel-run-data.csv,HIP,RAJA_HIP-direct_64,543.747,
Apps_MASSVEC3DPA,RAJA_HIP,cached_block_stride_loop_64,2718720, PASSED     ,0.000181044,131.698,431.737,build_lc_toss4-cray-mpich-9.0.1-amdclang-6.4.3-gfx942/RPBenchmark_tier1-CPX/MASSVEC3DPA_factor_512-kernel-run-data.csv,HIP,RAJA_HIP-cached_block_stride_loop_64,433.036,
Apps_MASSVEC3DPA,Base_HIP,runtime_block_stride_loop_64,339840, PASSED     ,2.32385e-05,128.256,420.441,build_lc_toss4-cray-mpich-9.0.1-amdclang-6.4.3-gfx942/RPBenchmark_tier1-CPX/MASSVEC3DPA_factor_64-kernel-run-data.csv,HIP,Base_HIP-runtime_block_stride_loop_64,417.985,
Apps_MASSVEC3DPA,Base_HIP,direct_64,339840, PASSED     ,1.71835e-05,173.45,568.593,build_lc_toss4-cray-mpich-9.0.1-amdclang-6.4.3-gfx942/RPBenchmark_tier1-CPX/MASSVEC3DPA_factor_64-kernel-run-data.csv,HIP,Base_HIP-direct_64,568.593,
Apps_MASSVEC3DPA,RAJA_HIP,runtime_block_stride_loop_64,339840, PASSED     ,2.81569e-05,105.852,346.998,build_lc_toss4-cray-mpich-9.0.1-amdclang-6.4.3-gfx942/RPBenchmark_tier1-CPX/MASSVEC3DPA_factor_64-kernel-run-data.csv,HIP,RAJA_HIP-runtime_block_stride_loop_64,304.612,
Apps_MASSVEC3DPA,RAJA_HIP,direct_64,339840, PASSED     ,1.72689e-05,172.592,565.781,build_lc_toss4-cray-mpich-9.0.1-amdclang-6.4.3-gfx942/RPBenchmark_tier1-CPX/MASSVEC3DPA_factor_64-kernel-run-data.csv,HIP,RAJA_HIP-direct_64,565.762,
Apps_MASSVEC3DPA,RAJA_HIP,cached_block_stride_loop_64,339840, PASSED     ,2.19677e-05,135.675,444.762,build_lc_toss4-cray-mpich-9.0.1-amdclang-6.4.3-gfx942/RPBenchmark_tier1-CPX/MASSVEC3DPA_factor_64-kernel-run-data.csv,HIP,RAJA_HIP-cached_block_stride_loop_64,427.761,
Apps_NODAL_ACCUMULATION_3D,Base_HIP,block_256,1000, PASSED     ,2.97231e-06,11.6861,3.02795,build_lc_toss4-cray-mpich-9.0.1-amdclang-6.4.3-gfx942/RPBenchmark_tier1-CPX/NODAL_ACCUMULATION_3D_factor_1-kernel-run-data.csv,HIP,Base_HIP-block_256,15.9179,
Apps_NODAL_ACCUMULATION_3D,RAJA_HIP,block_256,1000, PASSED     ,1.9648e-06,17.6784,4.58062,build_lc_toss4-cray-mpich-9.0.1-amdclang-6.4.3-gfx942/RPBenchmark_tier1-CPX/NODAL_ACCUMULATION_3D_factor_1-kernel-run-data.csv,HIP,RAJA_HIP-block_256,17.2244,
Apps_NODAL_ACCUMULATION_3D,Base_HIP,block_256,2048383, PASSED     ,0.000493116,125.271,37.3856,build_lc_toss4-cray-mpich-9.0.1-amdclang-6.4.3-gfx942/RPBenchmark_tier1-CPX/NODAL_ACCUMULATION_3D_factor_1024-kernel-run-data.csv,HIP,Base_HIP-block_256,37.0275,
Apps_NODAL_ACCUMULATION_3D,RAJA_HIP,block_256,2048383, PASSED     ,0.000493663,125.132,37.3442,build_lc_toss4-cray-mpich-9.0.1-amdclang-6.4.3-gfx942/RPBenchmark_tier1-CPX/NODAL_ACCUMULATION_3D_factor_1024-kernel-run-data.csv,HIP,RAJA_HIP-block_256,36.97835,
Apps_NODAL_ACCUMULATION_3D,Base_HIP,block_256,238328, PASSED     ,5.96384e-05,122.025,35.9659,build_lc_toss4-cray-mpich-9.0.1-amdclang-6.4.3-gfx942/RPBenchmark_tier1-CPX/NODAL_ACCUMULATION_3D_factor_128-kernel-run-data.csv,HIP,Base_HIP-block_256,35.9659,
Apps_NODAL_ACCUMULATION_3D,RAJA_HIP,block_256,238328, PASSED     ,5.90239e-05,123.295,36.3404,build_lc_toss4-cray-mpich-9.0.1-amdclang-6.4.3-gfx942/RPBenchmark_tier1-CPX/NODAL_ACCUMULATION_3D_factor_128-kernel-run-data.csv,HIP,RAJA_HIP-block_256,35.919,
Apps_NODAL_ACCUMULATION_3D,Base_HIP,block_256,2985984, PASSED     ,0.000720165,124.864,37.3163,build_lc_toss4-cray-mpich-9.0.1-amdclang-6.4.3-gfx942/RPBenchmark_tier1-CPX/NODAL_ACCUMULATION_3D_factor_1500-kernel-run-data.csv,HIP,Base_HIP-block_256,37.3163,
Apps_NODAL_ACCUMULATION_3D,RAJA_HIP,block_256,2985984, PASSED     ,0.000721801,124.581,37.2317,build_lc_toss4-cray-mpich-9.0.1-amdclang-6.4.3-gfx942/RPBenchmark_tier1-CPX/NODAL_ACCUMULATION_3D_factor_1500-kernel-run-data.csv,HIP,RAJA_HIP-block_256,37.2317,
Apps_NODAL_ACCUMULATION_3D,Base_HIP,block_256,27000, PASSED     ,7.96953e-06,106.186,30.4911,build_lc_toss4-cray-mpich-9.0.1-amdclang-6.4.3-gfx942/RPBenchmark_tier1-CPX/NODAL_ACCUMULATION_3D_factor_16-kernel-run-data.csv,HIP,Base_HIP-block_256,30.4911,
Apps_NODAL_ACCUMULATION_3D,RAJA_HIP,block_256,27000, PASSED     ,7.72903e-06,109.49,31.4399,build_lc_toss4-cray-mpich-9.0.1-amdclang-6.4.3-gfx942/RPBenchmark_tier1-CPX/NODAL_ACCUMULATION_3D_factor_16-kernel-run-data.csv,HIP,RAJA_HIP-block_256,31.4399,
Apps_NODAL_ACCUMULATION_3D,Base_HIP,block_256,493039, PASSED     ,0.000123285,121.477,35.9926,build_lc_toss4-cray-mpich-9.0.1-amdclang-6.4.3-gfx942/RPBenchmark_tier1-CPX/NODAL_ACCUMULATION_3D_factor_256-kernel-run-data.csv,HIP,Base_HIP-block_256,35.9926,
Apps_NODAL_ACCUMULATION_3D,RAJA_HIP,block_256,493039, PASSED     ,0.000123538,121.228,35.919,build_lc_toss4-cray-mpich-9.0.1-amdclang-6.4.3-gfx942/RPBenchmark_tier1-CPX/NODAL_ACCUMULATION_3D_factor_256-kernel-run-data.csv,HIP,RAJA_HIP-block_256,36.3404,
Apps_NODAL_ACCUMULATION_3D,Base_HIP,block_256,54872, PASSED     ,1.52857e-05,111.319,32.3079,build_lc_toss4-cray-mpich-9.0.1-amdclang-6.4.3-gfx942/RPBenchmark_tier1-CPX/NODAL_ACCUMULATION_3D_factor_32-kernel-run-data.csv,HIP,Base_HIP-block_256,32.3079,
Apps_NODAL_ACCUMULATION_3D,RAJA_HIP,block_256,54872, PASSED     ,1.48334e-05,114.713,33.2931,build_lc_toss4-cray-mpich-9.0.1-amdclang-6.4.3-gfx942/RPBenchmark_tier1-CPX/NODAL_ACCUMULATION_3D_factor_32-kernel-run-data.csv,HIP,RAJA_HIP-block_256,33.2931,
Apps_NODAL_ACCUMULATION_3D,Base_HIP,block_256,5832, PASSED     ,3.29742e-06,57.3511,15.9179,build_lc_toss4-cray-mpich-9.0.1-amdclang-6.4.3-gfx942/RPBenchmark_tier1-CPX/NODAL_ACCUMULATION_3D_factor_4-kernel-run-data.csv,HIP,Base_HIP-block_256,23.2045,
Apps_NODAL_ACCUMULATION_3D,RAJA_HIP,block_256,5832, PASSED     ,3.04731e-06,62.0582,17.2244,build_lc_toss4-cray-mpich-9.0.1-amdclang-6.4.3-gfx942/RPBenchmark_tier1-CPX/NODAL_ACCUMULATION_3D_factor_4-kernel-run-data.csv,HIP,RAJA_HIP-block_256,24.33215,
Apps_NODAL_ACCUMULATION_3D,Base_HIP,block_256,1000000, PASSED     ,0.000244973,123.499,36.7387,build_lc_toss4-cray-mpich-9.0.1-amdclang-6.4.3-gfx942/RPBenchmark_tier1-CPX/NODAL_ACCUMULATION_3D_factor_512-kernel-run-data.csv,HIP,Base_HIP-block_256,36.7387,
Apps_NODAL_ACCUMULATION_3D,RAJA_HIP,block_256,1000000, PASSED     ,0.000245064,123.453,36.725,build_lc_toss4-cray-mpich-9.0.1-amdclang-6.4.3-gfx942/RPBenchmark_tier1-CPX/NODAL_ACCUMULATION_3D_factor_512-kernel-run-data.csv,HIP,RAJA_HIP-block_256,36.725,
Apps_NODAL_ACCUMULATION_3D,Base_HIP,block_256,117649, PASSED     ,2.99912e-05,120.56,35.305,build_lc_toss4-cray-mpich-9.0.1-amdclang-6.4.3-gfx942/RPBenchmark_tier1-CPX/NODAL_ACCUMULATION_3D_factor_64-kernel-run-data.csv,HIP,Base_HIP-block_256,35.305,
Apps_NODAL_ACCUMULATION_3D,RAJA_HIP,block_256,117649, PASSED     ,2.96621e-05,121.898,35.6968,build_lc_toss4-cray-mpich-9.0.1-amdclang-6.4.3-gfx942/RPBenchmark_tier1-CPX/NODAL_ACCUMULATION_3D_factor_64-kernel-run-data.csv,HIP,RAJA_HIP-block_256,35.6968,
Apps_VOL3D,Base_HIP,block_256,512, PASSED     ,3.50661e-06,13.0182,29.0332,build_lc_toss4-cray-mpich-9.0.1-amdclang-6.4.3-gfx942/RPBenchmark_tier1-CPX/VOL3D_factor_1-kernel-run-data.csv,HIP,Base_HIP-block_256,127.831,
Apps_VOL3D,RAJA_HIP,block_256,512, PASSED     ,2.29681e-06,19.8753,44.3258,build_lc_toss4-cray-mpich-9.0.1-amdclang-6.4.3-gfx942/RPBenchmark_tier1-CPX/VOL3D_factor_1-kernel-run-data.csv,HIP,RAJA_HIP-block_256,184.33,
Apps_VOL3D,Base_HIP,block_256,1442897, PASSED     ,0.000197916,238.574,572.608,build_lc_toss4-cray-mpich-9.0.1-amdclang-6.4.3-gfx942/RPBenchmark_tier1-CPX/VOL3D_factor_1024-kernel-run-data.csv,HIP,Base_HIP-block_256,584.2445,
Apps_VOL3D,RAJA_HIP,block_256,1442897, PASSED     ,0.000195924,240.998,578.427,build_lc_toss4-cray-mpich-9.0.1-amdclang-6.4.3-gfx942/RPBenchmark_tier1-CPX/VOL3D_factor_1024-kernel-run-data.csv,HIP,RAJA_HIP-block_256,587.673,
Apps_VOL3D,Base_HIP,block_256,166375, PASSED     ,2.48962e-05,240.553,573.477,build_lc_toss4-cray-mpich-9.0.1-amdclang-6.4.3-gfx942/RPBenchmark_tier1-CPX/VOL3D_factor_128-kernel-run-data.csv,HIP,Base_HIP-block_256,601.347,
Apps_VOL3D,RAJA_HIP,block_256,166375, PASSED     ,2.4251e-05,246.953,588.734,build_lc_toss4-cray-mpich-9.0.1-amdclang-6.4.3-gfx942/RPBenchmark_tier1-CPX/VOL3D_factor_128-kernel-run-data.csv,HIP,RAJA_HIP-block_256,616.966,
Apps_VOL3D,Base_HIP,block_256,2146689, PASSED     ,0.00029978,231.67,556.486,build_lc_toss4-cray-mpich-9.0.1-amdclang-6.4.3-gfx942/RPBenchmark_tier1-CPX/VOL3D_factor_1500-kernel-run-data.csv,HIP,Base_HIP-block_256,572.608,
Apps_VOL3D,RAJA_HIP,block_256,2146689, PASSED     ,0.000300285,231.28,555.549,build_lc_toss4-cray-mpich-9.0.1-amdclang-6.4.3-gfx942/RPBenchmark_tier1-CPX/VOL3D_factor_1500-kernel-run-data.csv,HIP,RAJA_HIP-block_256,578.427,
Apps_VOL3D,Base_HIP,block_256,17576, PASSED     ,4.16041e-06,185.073,435.038,build_lc_toss4-cray-mpich-9.0.1-amdclang-6.4.3-gfx942/RPBenchmark_tier1-CPX/VOL3D_factor_16-kernel-run-data.csv,HIP,Base_HIP-block_256,435.038,
Apps_VOL3D,RAJA_HIP,block_256,17576, PASSED     ,3.99191e-06,192.885,453.401,build_lc_toss4-cray-mpich-9.0.1-amdclang-6.4.3-gfx942/RPBenchmark_tier1-CPX/VOL3D_factor_16-kernel-run-data.csv,HIP,RAJA_HIP-block_256,453.401,
Apps_VOL3D,Base_HIP,block_256,343000, PASSED     ,4.76216e-05,249.253,595.881,build_lc_toss4-cray-mpich-9.0.1-amdclang-6.4.3-gfx942/RPBenchmark_tier1-CPX/VOL3D_factor_256-kernel-run-data.csv,HIP,Base_HIP-block_256,595.881,
Apps_VOL3D,RAJA_HIP,block_256,343000, PASSED     ,4.75388e-05,249.687,596.919,build_lc_toss4-cray-mpich-9.0.1-amdclang-6.4.3-gfx942/RPBenchmark_tier1-CPX/VOL3D_factor_256-kernel-run-data.csv,HIP,RAJA_HIP-block_256,596.919,
Apps_VOL3D,Base_HIP,block_256,35937, PASSED     ,5.72782e-06,254.401,601.347,build_lc_toss4-cray-mpich-9.0.1-amdclang-6.4.3-gfx942/RPBenchmark_tier1-CPX/VOL3D_factor_32-kernel-run-data.csv,HIP,Base_HIP-block_256,573.477,
Apps_VOL3D,RAJA_HIP,block_256,35937, PASSED     ,5.58282e-06,261.008,616.966,build_lc_toss4-cray-mpich-9.0.1-amdclang-6.4.3-gfx942/RPBenchmark_tier1-CPX/VOL3D_factor_32-kernel-run-data.csv,HIP,RAJA_HIP-block_256,588.734,
Apps_VOL3D,Base_HIP,block_256,3375, PASSED     ,3.43411e-06,55.3916,127.831,build_lc_toss4-cray-mpich-9.0.1-amdclang-6.4.3-gfx942/RPBenchmark_tier1-CPX/VOL3D_factor_4-kernel-run-data.csv,HIP,Base_HIP-block_256,281.4345,
Apps_VOL3D,RAJA_HIP,block_256,3375, PASSED     ,2.38151e-06,79.874,184.33,build_lc_toss4-cray-mpich-9.0.1-amdclang-6.4.3-gfx942/RPBenchmark_tier1-CPX/VOL3D_factor_4-kernel-run-data.csv,HIP,RAJA_HIP-block_256,318.8655,
Apps_VOL3D,Base_HIP,block_256,704969, PASSED     ,9.21636e-05,256.565,614.719,build_lc_toss4-cray-mpich-9.0.1-amdclang-6.4.3-gfx942/RPBenchmark_tier1-CPX/VOL3D_factor_512-kernel-run-data.csv,HIP,Base_HIP-block_256,573.477,
Apps_VOL3D,RAJA_HIP,block_256,704969, PASSED     ,9.09641e-05,259.949,622.825,build_lc_toss4-cray-mpich-9.0.1-amdclang-6.4.3-gfx942/RPBenchmark_tier1-CPX/VOL3D_factor_512-kernel-run-data.csv,HIP,RAJA_HIP-block_256,588.734,
Apps_VOL3D,Base_HIP,block_256,79507, PASSED     ,1.12582e-05,267.37,635.117,build_lc_toss4-cray-mpich-9.0.1-amdclang-6.4.3-gfx942/RPBenchmark_tier1-CPX/VOL3D_factor_64-kernel-run-data.csv,HIP,Base_HIP-block_256,595.881,
Apps_VOL3D,RAJA_HIP,block_256,79507, PASSED     ,1.1091e-05,271.398,644.687,build_lc_toss4-cray-mpich-9.0.1-amdclang-6.4.3-gfx942/RPBenchmark_tier1-CPX/VOL3D_factor_64-kernel-run-data.csv,HIP,RAJA_HIP-block_256,596.919,
